Loading settings...
Graphics::SetResolution(3)
DW: 1920, DH: 1080
Disabling 1600x1200
Setting scaling 3
DW: 1920, DH: 1080
Disabling 1600x1200
SDL_CreateWindow: 1024x768 @ 16bpp
Graphics::InitVideo: using: opengl renderer
Graphics::FlushAll()
SIFLoader::LoadHeader: read index of 6 sections
Loading SIF section 1 from address 003b
Loading SIF section 2 from address 0437
SIFSpritesSect: loading 490 sprites
Graphics::FlushAll()
Loading font file font_3.fnt
Loading font file data/font_3.fnt
Loading Sound FX...
Calculating pitch scale...
load_drumtable: rebuilding drums...
load_drum: loading data/pxt/fx96.pxt into drum index 0
drum00 [data/pxt/fx96.pxt]: 5000 samples
load_drum: loading data/pxt/fx97.pxt into drum index 2
drum02 [data/pxt/fx97.pxt]: 10000 samples
load_drum: loading data/pxt/fx9a.pxt into drum index 4
drum04 [data/pxt/fx9a.pxt]: 10000 samples
load_drum: loading data/pxt/fx98.pxt into drum index 5
drum05 [data/pxt/fx98.pxt]: 1000 samples
load_drum: loading data/pxt/fx99.pxt into drum index 6
drum06 [data/pxt/fx99.pxt]: 10000 samples
load_drum: loading data/pxt/fx9b.pxt into drum index 8
drum08 [data/pxt/fx9b.pxt]: 4000 samples
Reading npc.tbl...
InitList::CallFunctions(29233400): executing 61 functions...
initslopetable: generating slopetables.
initmapfirsttime: loading data/tilekey.dat.
Setting tick function to type 1 param 0
Setting tick function to type 6 param 0
Entering main loop...
 >> Entering stage 72: 'u'.
load_map: level size 21x16
load_map: 'data/Stage/Kings.pxm' loaded OK! - 21x16
load_pxa: reading in data/Stage/White.pxa
load_entities: reading in data/Stage/Kings.pxe
StageBossManager::SetType(0)
-- Starting on-entry script 100
Setting tick function to type 7 param 0
niku_load: couldn't open file '/home/hyper/.local/share/cavestory-nx/nxengine/290.rec'
 >> music(24)
data/org/curly.org: Org-02 detected
= Title screen =
StageBossManager::SetType(0)
Game minimized or lost focus--pausing...
Focus regained, resuming play...
Game minimized or lost focus--pausing...
Focus regained, resuming play...
Game minimized or lost focus--pausing...
Focus regained, resuming play...
Game minimized or lost focus--pausing...
Focus regained, resuming play...
Loading profile from /home/hyper/.local/share/cavestory-nx/nxengine/profile.dat...
Loading profile from /home/hyper/.local/share/cavestory-nx/nxengine/profile2.dat...
Loading profile from /home/hyper/.local/share/cavestory-nx/nxengine/profile3.dat...
Loading profile from /home/hyper/.local/share/cavestory-nx/nxengine/profile4.dat...
 error << profile_load: unable to open '/home/hyper/.local/share/cavestory-nx/nxengine/profile4.dat' >>
Loading profile from /home/hyper/.local/share/cavestory-nx/nxengine/profile5.dat...
 error << profile_load: unable to open '/home/hyper/.local/share/cavestory-nx/nxengine/profile5.dat' >>
Writing settings...
 >> music(0)
Setting tick function to type 1 param 0
= Loading game =
game_load: loading savefile 1
Loading profile from /home/hyper/.local/share/cavestory-nx/nxengine/profile2.dat...
 - Read Teleporter Slot 0: slotno=1 scriptno=6001
 - Read Teleporter Slot 1: slotno=2 scriptno=6002
 - Read Teleporter Slot 2: slotno=3 scriptno=6003
 - Read Teleporter Slot 3: slotno=4 scriptno=6004
 - Read Teleporter Slot 4: slotno=5 scriptno=6005
 >> Entering stage 56: 'Plantation'.
load_map: level size 120x120
load_map: 'data/Stage/Cent.pxm' loaded OK! - 120x120
load_pxa: reading in data/Stage/Cent.pxa
Added tile 7f to animation list, tc=a1
load_entities: reading in data/Stage/Cent.pxe
 -- Appearing object 350 (OBJ_ROCKET(231)) because flag 1030 is set
 -- Disappearing object 220 (OBJ_MIMIGA_FARMER_WALKING(221)) because flag 1033 is set
 -- Disappearing object 230 (OBJ_MIMIGA_FARMER_WALKING(221)) because flag 1033 is set
 -- Disappearing object 410 (OBJ_SPRINKLER(72)) because flag 1027 is set
 -- Disappearing object 250 (OBJ_MIMIGA_FARMER_STANDING(220)) because flag 1033 is set
 -- Disappearing object 240 (OBJ_MIMIGA_FARMER_STANDING(220)) because flag 1033 is set
 -- Disappearing object 400 (OBJ_SPRINKLER(72)) because flag 1036 is set
 -- Appearing object 260 (OBJ_KANPACHI_FISHING(75)) because flag 1021 is set
 -- Appearing object 265 (OBJ_BUCKET(227)) because flag 1021 is set
 -- Disappearing object 200 (OBJ_MIMIGA_FARMER_STANDING(220)) because flag 1033 is set
 -- Disappearing object 210 (OBJ_MIMIGA_FARMER_WALKING(221)) because flag 1033 is set
 -- Disappearing object 00 (OBJ_HIDDEN_SPARKLE(70)) because flag 1021 is set
 -- Appearing object 370 (OBJ_MOMORIN(223)) because flag 1032 is set
 -- Appearing object 360 (OBJ_ITOH(217)) because flag 1031 is set
 -- Appearing object 00 (OBJ_FLOWERS_PENS1(234)) because flag 1036 is set
 -- Appearing object 00 (OBJ_FLOWERS_PENS1(234)) because flag 1036 is set
 -- Appearing object 00 (OBJ_FLOWERS_PENS1(234)) because flag 1036 is set
 -- Appearing object 00 (OBJ_FLOWERS_PENS1(234)) because flag 1036 is set
 -- Appearing object 450 (OBJ_PUPPY_ITEMS(275)) because flag 1039 is set
 -- Appearing object 320 (OBJ_CURLY_COLLAPSED(165)) because flag 1042 is set
 >> music(24)
data/org/curly.org: Org-02 detected
StageBossManager::SetType(0)
 >> music(10)
data/org/fanfale1.org: Org-02 detected
 >> music(24)
data/org/curly.org: Org-02 detected
Setting tick function to type 2 param 0
Setting tick function to type 1 param 0
Game minimized or lost focus--pausing...
Focus regained, resuming play...
******* Executing <TRA to stage 67
 >> Entering stage 67: 'Last Cave (Hidden)'.
load_map: level size 100x60
load_map: 'data/Stage/Priso2.pxm' loaded OK! - 100x60
load_pxa: reading in data/Stage/Jail.pxa
load_entities: reading in data/Stage/Priso2.pxe
StageBossManager::SetType(0)
-- Starting on-entry script 92
 >> music(0)
 >> music(29)
data/org/lastcave.org: Org-02 detected
Game minimized or lost focus--pausing...
Focus regained, resuming play...
 >> music(4)
data/org/gravity.org: Org-02 detected
FindObjectByID2: ID2 0250 found: type OBJ_RED_DEMON(276); coords: (1216, 156)
 error << SetCSDir: warning: invalid direction 0250 passed as dirparam only >>
FindObjectByID2: ID2 0242 found: type OBJ_SCROLL_CONTROLLER(302); coords: (1216, 128)
FindObjectByID2: ID2 0250 found: type OBJ_RED_DEMON(276); coords: (1216, 156)
 error << sctrl: successfully linked to object 40f11b10 >>
ForceSamplePos: WARNING: !!! truncated channel 6 from 15185 to 15168 samples !!!
 >> music(29)
data/org/lastcave.org: Org-02 detected
 >> music(10)
data/org/fanfale1.org: Org-02 detected
 >> music(29)
data/org/lastcave.org: Org-02 detected
******* Executing <TRA to stage 62
 >> Entering stage 62: 'Balcony'.
load_map: level size 120x80
load_map: 'data/Stage/Blcny1.pxm' loaded OK! - 120x80
load_pxa: reading in data/Stage/White.pxa
load_entities: reading in data/Stage/Blcny1.pxe
StageBossManager::SetType(0)
-- Starting on-entry script 91
 >> music(30)
data/org/balcony.org: Org-02 detected
******* Executing <TRA to stage 66
 >> Entering stage 66: 'Prefab Building'.
load_map: level size 21x16
load_map: 'data/Stage/Prefa1.pxm' loaded OK! - 21x16
load_pxa: reading in data/Stage/Pens.pxa
load_entities: reading in data/Stage/Prefa1.pxe
StageBossManager::SetType(0)
-- Starting on-entry script 94
Loading profile from /home/hyper/.local/share/cavestory-nx/nxengine/profile.dat...
Loading profile from /home/hyper/.local/share/cavestory-nx/nxengine/profile2.dat...
Loading profile from /home/hyper/.local/share/cavestory-nx/nxengine/profile3.dat...
Loading profile from /home/hyper/.local/share/cavestory-nx/nxengine/profile4.dat...
 error << profile_load: unable to open '/home/hyper/.local/share/cavestory-nx/nxengine/profile4.dat' >>
Loading profile from /home/hyper/.local/share/cavestory-nx/nxengine/profile5.dat...
 error << profile_load: unable to open '/home/hyper/.local/share/cavestory-nx/nxengine/profile5.dat' >>
game_save: writing savefile 1
Writing settings...
Loading profile from /home/hyper/.local/share/cavestory-nx/nxengine/profile.dat...
Loading profile from /home/hyper/.local/share/cavestory-nx/nxengine/profile2.dat...
Loading profile from /home/hyper/.local/share/cavestory-nx/nxengine/profile3.dat...
Loading profile from /home/hyper/.local/share/cavestory-nx/nxengine/profile4.dat...
 error << profile_load: unable to open '/home/hyper/.local/share/cavestory-nx/nxengine/profile4.dat' >>
Loading profile from /home/hyper/.local/share/cavestory-nx/nxengine/profile5.dat...
 error << profile_load: unable to open '/home/hyper/.local/share/cavestory-nx/nxengine/profile5.dat' >>
game_save: writing savefile 0
Writing settings...
******* Executing <TRA to stage 62
 >> Entering stage 62: 'Balcony'.
load_map: level size 120x80
load_map: 'data/Stage/Blcny1.pxm' loaded OK! - 120x80
load_pxa: reading in data/Stage/White.pxa
load_entities: reading in data/Stage/Blcny1.pxe
StageBossManager::SetType(0)
-- Starting on-entry script 94
******* Executing <TRA to stage 64
 >> Entering stage 64: 'Throne Room'.
load_map: level size 40x16
load_map: 'data/Stage/Ring1.pxm' loaded OK! - 40x16
load_pxa: reading in data/Stage/White.pxa
load_entities: reading in data/Stage/Ring1.pxe
StageBossManager::SetType(0)
-- Starting on-entry script 92
FindObjectByID2: ID2 0400 found: type OBJ_BOSS_MISERY(247); coords: (448, 144)
 >> music(7)
data/org/fireeye.org: Org-02 detected
FindObjectByID2: ID2 0400 found: type OBJ_BOSS_MISERY(247); coords: (480, 87)
 >> music(15)
data/org/fanfale2.org: Org-02 detected
FindObjectByID2: ID2 0410 found: type [Type 0]; coords: (144, 144)
 >> music(30)
data/org/balcony.org: Org-02 detected
On-touch script 110 triggered
******* Executing <TRA to stage 65
 >> Entering stage 65: 'The King's Table'.
load_map: level size 40x16
load_map: 'data/Stage/Ring2.pxm' loaded OK! - 40x16
load_pxa: reading in data/Stage/White.pxa
load_entities: reading in data/Stage/Ring2.pxe
 error << tsc_compile WARNING: duplicate script #0501; ignoring >>
StageBossManager::SetType(0)
-- Starting on-entry script 91
 >> music(17)
data/org/dr.org: Org-02 detected
FindObjectByID2: ID2 0410 found: type OBJ_BOSS_DOCTOR(263); coords: (448, 152)
 >> music(7)
data/org/fireeye.org: Org-02 detected
FindObjectByID2: ID2 0410 found: type OBJ_BOSS_DOCTOR(263); coords: (80, 184)
 >> music(0)
FindObjectByID2: ID2 0410 found: type OBJ_BOSS_DOCTOR(263); coords: (80, 184)
FindObjectByID2: ID2 0420 found: type OBJ_BOSS_DOCTOR_FRENZIED(267); coords: (87, 184)
 >> music(31)
data/org/lastbtl.org: Org-02 detected
FindObjectByID2: ID2 0420 found: type OBJ_BOSS_DOCTOR_FRENZIED(267); coords: (288, 117)
FindObjectByID2: ID2 0420 found: type OBJ_BOSS_DOCTOR_FRENZIED(267); coords: (288, 152)
 >> music(15)
data/org/fanfale2.org: Org-02 detected
 >> music(0)
FindObjectByID2: ID2 0450 found: type [Type 0]; coords: (144, 144)
 >> music(30)
data/org/balcony.org: Org-02 detected
On-touch script 110 triggered
******* Executing <TRA to stage 68
 >> Entering stage 68: 'Black Space'.
load_map: level size 40x16
load_map: 'data/Stage/Ring3.pxm' loaded OK! - 40x16
load_pxa: reading in data/Stage/White.pxa
load_entities: reading in data/Stage/Ring3.pxe
StageBossManager::SetType(7)
-- Starting on-entry script 91
 >> music(0)
 >> music(34)
data/org/zonbie.org: Org-02 detected
FindObjectByID2: ID2 0420 found: type OBJ_DOCTOR_GHOST(281); coords: (528, 192)
 >> music(32)
data/org/lastbt3.org: Org-02 detected
FindObjectByID2: ID2 0420 found: type OBJ_DOCTOR_GHOST(281); coords: (480, 208)
 >> music(0)
******* Executing <TRA to stage 70
 >> Entering stage 70: 'Balcony'.
load_map: level size 120x80
load_map: 'data/Stage/Blcny2.pxm' loaded OK! - 120x80
load_pxa: reading in data/Stage/White.pxa
load_entities: reading in data/Stage/Blcny2.pxe
 -- Appearing object 121 (OBJ_DOOR(18)) because flag 1393 is set
 -- Disappearing object 120 (OBJ_DOOR(18)) because flag 1393 is set
StageBossManager::SetType(0)
-- Starting on-entry script 300
FindObjectByID2: ID2 0300 found: type [Type 0]; coords: (896, 1168)
******* Executing <TRA to stage 68
 >> Entering stage 68: 'Black Space'.
load_map: level size 40x16
load_map: 'data/Stage/Ring3.pxm' loaded OK! - 40x16
load_pxa: reading in data/Stage/White.pxa
load_entities: reading in data/Stage/Ring3.pxe
 -- Disappearing object 500 (OBJ_HVTRIGGER(46)) because flag 1340 is set
 -- Disappearing object 440 (OBJ_UD_MINICORE_IDLE(291)) because flag 1340 is set
 -- Disappearing object 440 (OBJ_UD_MINICORE_IDLE(291)) because flag 1340 is set
 -- Disappearing object 440 (OBJ_UD_MINICORE_IDLE(291)) because flag 1340 is set
 -- Disappearing object 440 (OBJ_UD_MINICORE_IDLE(291)) because flag 1340 is set
 -- Disappearing object 441 (OBJ_HVTRIGGER(46)) because flag 1340 is set
StageBossManager::SetType(7)
-- Starting on-entry script 600
 >> music(18)
data/org/escape.org: Org-02 detected
On-touch script 100 triggered
******* Executing <TRA to stage 65
 >> Entering stage 65: 'The King's Table'.
load_map: level size 40x16
load_map: 'data/Stage/Ring2.pxm' loaded OK! - 40x16
load_pxa: reading in data/Stage/White.pxa
load_entities: reading in data/Stage/Ring2.pxe
 -- Disappearing object 250 (OBJ_MIMIGA_CAGED(260)) because flag 1273 is set
 -- Disappearing object 00 ([Type 0]) because flag 1273 is set
 -- Disappearing object 210 (OBJ_CHIE_CAGED(261)) because flag 1273 is set
 -- Disappearing object 200 (OBJ_CHACO_CAGED(262)) because flag 1273 is set
 -- Disappearing object 251 (OBJ_MIMIGA_CAGED(260)) because flag 1273 is set
 -- Disappearing object 00 ([Type 0]) because flag 1273 is set
 -- Disappearing object 252 (OBJ_MIMIGA_CAGED(260)) because flag 1273 is set
 -- Disappearing object 253 (OBJ_MIMIGA_CAGED(260)) because flag 1273 is set
 -- Disappearing object 254 (OBJ_MIMIGA_CAGED(260)) because flag 1273 is set
 -- Disappearing object 00 ([Type 0]) because flag 1273 is set
 -- Disappearing object 220 (OBJ_SANTA_CAGED(307)) because flag 1273 is set
 -- Disappearing object 255 (OBJ_MIMIGA_CAGED(260)) because flag 1273 is set
 -- Disappearing object 00 (OBJ_MIMIGA_CAGE(239)) because flag 1273 is set
 -- Disappearing object 00 (OBJ_MIMIGA_CAGE(239)) because flag 1273 is set
 -- Disappearing object 00 (OBJ_MIMIGA_CAGE(239)) because flag 1273 is set
 -- Disappearing object 00 (OBJ_MIMIGA_CAGE(239)) because flag 1273 is set
 -- Disappearing object 00 (OBJ_MIMIGA_CAGE(239)) because flag 1273 is set
 -- Disappearing object 00 (OBJ_MIMIGA_CAGE(239)) because flag 1273 is set
 -- Disappearing object 00 (OBJ_MIMIGA_CAGE(239)) because flag 1273 is set
 -- Disappearing object 500 (OBJ_HVTRIGGER(46)) because flag 1270 is set
 -- Disappearing object 400 (OBJ_DOCTOR_CROWNED(256)) because flag 1270 is set
 -- Disappearing object 410 ([Type 0]) because flag 1270 is set
 -- Disappearing object 420 ([Type 0]) because flag 1270 is set
 -- Appearing object 00 (OBJ_QUAKE(292)) because flag 1341 is set
 error << tsc_compile WARNING: duplicate script #0501; ignoring >>
StageBossManager::SetType(0)
-- Starting on-entry script 93
On-touch script 100 triggered
******* Executing <TRA to stage 64
 >> Entering stage 64: 'Throne Room'.
load_map: level size 40x16
load_map: 'data/Stage/Ring1.pxm' loaded OK! - 40x16
load_pxa: reading in data/Stage/White.pxa
load_entities: reading in data/Stage/Ring1.pxe
 -- Disappearing object 400 (OBJ_BOSS_MISERY(247)) because flag 1250 is set
 -- Disappearing object 500 (OBJ_HVTRIGGER(46)) because flag 1250 is set
 -- Appearing object 00 (OBJ_QUAKE(292)) because flag 1341 is set
StageBossManager::SetType(0)
-- Starting on-entry script 93
******* Executing <TRA to stage 70
 >> Entering stage 70: 'Balcony'.
load_map: level size 120x80
load_map: 'data/Stage/Blcny2.pxm' loaded OK! - 120x80
load_pxa: reading in data/Stage/White.pxa
load_entities: reading in data/Stage/Blcny2.pxe
 -- Appearing object 121 (OBJ_DOOR(18)) because flag 1393 is set
 -- Disappearing object 120 (OBJ_DOOR(18)) because flag 1393 is set
 -- Disappearing object 299 (OBJ_HELICOPTER(254)) because flag 1390 is set
 -- Disappearing object 290 (OBJ_MOMORIN(223)) because flag 1390 is set
 -- Disappearing object 291 ([Type 0]) because flag 1390 is set
 -- Appearing object 305 (OBJ_SUE(42)) because flag 1391 is set
 -- Appearing object 320 (OBJ_SUE(42)) because flag 1392 is set
 -- Appearing object 330 (OBJ_HVTRIGGER(46)) because flag 1392 is set
 -- Appearing object 307 (OBJ_QUAKE(292)) because flag 1341 is set
 -- Appearing object 306 (OBJ_FALLING_BLOCK_SPAWNER(294)) because flag 1341 is set
StageBossManager::SetType(0)
-- Starting on-entry script 310
FindObjectByID2: ID2 0305 found: type OBJ_SUE(42); coords: (1664, 1088)
FindObjectByID2: ID2 0280 found: type OBJ_SCROLL_CONTROLLER(302); coords: (1888, 960)
******* Executing <TRA to stage 79
 >> Entering stage 79: 'Prefab House'.
load_map: level size 21x16
load_map: 'data/Stage/Prefa2.pxm' loaded OK! - 21x16
load_pxa: reading in data/Stage/Pens.pxa
load_entities: reading in data/Stage/Prefa2.pxe
StageBossManager::SetType(0)
-- Starting on-entry script 94
 >> music(0)
Loading profile from /home/hyper/.local/share/cavestory-nx/nxengine/profile.dat...
Loading profile from /home/hyper/.local/share/cavestory-nx/nxengine/profile2.dat...
Loading profile from /home/hyper/.local/share/cavestory-nx/nxengine/profile3.dat...
Loading profile from /home/hyper/.local/share/cavestory-nx/nxengine/profile4.dat...
 error << profile_load: unable to open '/home/hyper/.local/share/cavestory-nx/nxengine/profile4.dat' >>
Loading profile from /home/hyper/.local/share/cavestory-nx/nxengine/profile5.dat...
 error << profile_load: unable to open '/home/hyper/.local/share/cavestory-nx/nxengine/profile5.dat' >>
game_save: writing savefile 0
Writing settings...
On-touch script 110 triggered
******* Executing <TRA to stage 80
 >> Entering stage 80: 'Sacred Ground - B1'.
load_map: level size 21x100
load_map: 'data/Stage/Hell1.pxm' loaded OK! - 21x100
load_pxa: reading in data/Stage/Hell.pxa
load_entities: reading in data/Stage/Hell1.pxe
 -- Appearing object 00 (OBJ_QUAKE(292)) because flag 1341 is set
 -- Appearing object 500 (OBJ_CURLY(117)) because flag 1531 is set
StageBossManager::SetType(0)
-- Starting on-entry script 93
 >> music(36)
data/org/hell.org: Org-02 detected
ForceSamplePos: WARNING: !!! truncated channel 5 from 2058 to 1984 samples !!!
ForceSamplePos: WARNING: !!! truncated channel 5 from 9994 to 9920 samples !!!
ForceSamplePos: WARNING: !!! truncated channel 5 from 17930 to 17856 samples !!!
ForceSamplePos: WARNING: !!! truncated channel 5 from 25866 to 25792 samples !!!
ForceSamplePos: WARNING: !!! truncated channel 5 from 33802 to 33728 samples !!!
ForceSamplePos: WARNING: !!! truncated channel 5 from 41738 to 41664 samples !!!
ForceSamplePos: WARNING: !!! truncated channel 5 from 11978 to 11904 samples !!!
ForceSamplePos: WARNING: !!! truncated channel 5 from 37770 to 37696 samples !!!
ForceSamplePos: WARNING: !!! truncated channel 5 from 8010 to 7936 samples !!!
ForceSamplePos: WARNING: !!! truncated channel 5 from 15946 to 15872 samples !!!
ForceSamplePos: WARNING: !!! truncated channel 5 from 23882 to 23808 samples !!!
ForceSamplePos: WARNING: !!! truncated channel 5 from 31818 to 31744 samples !!!
FindObjectByID2: ID2 0430 found: type OBJ_SCROLL_CONTROLLER(302); coords: (48, 656)
ForceSamplePos: WARNING: !!! truncated channel 5 from 2058 to 1984 samples !!!
ForceSamplePos: WARNING: !!! truncated channel 5 from 27850 to 27776 samples !!!
ForceSamplePos: WARNING: !!! truncated channel 5 from 35786 to 35712 samples !!!
ForceSamplePos: WARNING: !!! truncated channel 5 from 43722 to 43648 samples !!!
ForceSamplePos: WARNING: !!! truncated channel 5 from 6026 to 5952 samples !!!
ForceSamplePos: WARNING: !!! truncated channel 5 from 17930 to 17856 samples !!!
ForceSamplePos: WARNING: !!! truncated channel 5 from 25866 to 25792 samples !!!
ForceSamplePos: WARNING: !!! truncated channel 5 from 33802 to 33728 samples !!!
ForceSamplePos: WARNING: !!! truncated channel 5 from 41738 to 41664 samples !!!
ForceSamplePos: WARNING: !!! truncated channel 5 from 8010 to 7936 samples !!!
ForceSamplePos: WARNING: !!! truncated channel 5 from 15946 to 15872 samples !!!
ForceSamplePos: WARNING: !!! truncated channel 5 from 23882 to 23808 samples !!!
ForceSamplePos: WARNING: !!! truncated channel 5 from 31818 to 31744 samples !!!
ForceSamplePos: WARNING: !!! truncated channel 5 from 39754 to 39680 samples !!!
ForceSamplePos: WARNING: !!! truncated channel 5 from 2058 to 1984 samples !!!
ForceSamplePos: WARNING: !!! truncated channel 5 from 17930 to 17856 samples !!!
ForceSamplePos: WARNING: !!! truncated channel 5 from 43722 to 43648 samples !!!
ForceSamplePos: WARNING: !!! truncated channel 5 from 6026 to 5952 samples !!!
ForceSamplePos: WARNING: !!! truncated channel 5 from 13962 to 13888 samples !!!
ForceSamplePos: WARNING: !!! truncated channel 5 from 21898 to 21824 samples !!!
ForceSamplePos: WARNING: !!! truncated channel 5 from 29834 to 29760 samples !!!
ForceSamplePos: WARNING: !!! truncated channel 5 from 37770 to 37696 samples !!!
ForceSamplePos: WARNING: !!! truncated channel 5 from 8010 to 7936 samples !!!
******* Executing <TRA to stage 81
 >> Entering stage 81: 'Sacred Ground - B2'.
load_map: level size 160x16
load_map: 'data/Stage/Hell2.pxm' loaded OK! - 160x16
load_pxa: reading in data/Stage/Hell.pxa
load_entities: reading in data/Stage/Hell2.pxe
 -- Appearing object 00 (OBJ_QUAKE(292)) because flag 1341 is set
 -- Appearing object 00 (OBJ_FALLING_BLOCK_SPAWNER(294)) because flag 1341 is set
 -- Appearing object 00 (OBJ_BUTE_FLYING(309)) because flag 1534 is set
 -- Appearing object 00 (OBJ_BUTE_FLYING(309)) because flag 1534 is set
 -- Appearing object 00 (OBJ_BUTE_FLYING(309)) because flag 1534 is set
 -- Appearing object 00 (OBJ_BUTE_FLYING(309)) because flag 1534 is set
 -- Appearing object 00 (OBJ_BUTE_FLYING(309)) because flag 1534 is set
 -- Appearing object 00 (OBJ_BUTE_FLYING(309)) because flag 1534 is set
 -- Appearing object 00 (OBJ_BUTE_FLYING(309)) because flag 1534 is set
 -- Appearing object 00 (OBJ_BUTE_FLYING(309)) because flag 1534 is set
 -- Appearing object 00 (OBJ_BUTE_FLYING(309)) because flag 1534 is set
 -- Appearing object 00 (OBJ_BUTE_FLYING(309)) because flag 1534 is set
 -- Appearing object 00 (OBJ_BUTE_FLYING(309)) because flag 1534 is set
 -- Appearing object 00 (OBJ_BUTE_FLYING(309)) because flag 1534 is set
 -- Appearing object 00 (OBJ_BUTE_FLYING(309)) because flag 1534 is set
 -- Appearing object 00 (OBJ_BUTE_FLYING(309)) because flag 1534 is set
 -- Appearing object 00 (OBJ_BUTE_FLYING(309)) because flag 1534 is set
 -- Appearing object 00 (OBJ_BUTE_FLYING(309)) because flag 1534 is set
 -- Appearing object 00 (OBJ_BUTE_FLYING(309)) because flag 1534 is set
 -- Appearing object 00 (OBJ_BUTE_FLYING(309)) because flag 1534 is set
 -- Appearing object 00 (OBJ_BUTE_FLYING(309)) because flag 1534 is set
 -- Appearing object 00 (OBJ_BUTE_FLYING(309)) because flag 1534 is set
 -- Appearing object 00 (OBJ_BUTE_FLYING(309)) because flag 1534 is set
 -- Appearing object 00 (OBJ_BUTE_FLYING(309)) because flag 1534 is set
 -- Appearing object 00 (OBJ_BUTE_FLYING(309)) because flag 1534 is set
 -- Appearing object 00 (OBJ_BUTE_FLYING(309)) because flag 1534 is set
 -- Appearing object 00 (OBJ_BUTE_FLYING(309)) because flag 1534 is set
 -- Appearing object 00 (OBJ_BUTE_FLYING(309)) because flag 1534 is set
 -- Appearing object 00 (OBJ_BUTE_FLYING(309)) because flag 1534 is set
 -- Appearing object 00 (OBJ_BUTE_FLYING(309)) because flag 1534 is set
 -- Appearing object 00 (OBJ_CURLY_CARRIED(259)) because flag 1532 is set
StageBossManager::SetType(0)
-- Starting on-entry script 92
ForceSamplePos: WARNING: !!! truncated channel 5 from 39754 to 39680 samples !!!
ForceSamplePos: WARNING: !!! truncated channel 5 from 2058 to 1984 samples !!!
ForceSamplePos: WARNING: !!! truncated channel 5 from 9994 to 9920 samples !!!
ForceSamplePos: WARNING: !!! truncated channel 5 from 17930 to 17856 samples !!!
ForceSamplePos: WARNING: !!! truncated channel 5 from 25866 to 25792 samples !!!
ForceSamplePos: WARNING: !!! truncated channel 5 from 33802 to 33728 samples !!!
ForceSamplePos: WARNING: !!! truncated channel 5 from 4042 to 3968 samples !!!
ForceSamplePos: WARNING: !!! truncated channel 5 from 29834 to 29760 samples !!!
ForceSamplePos: WARNING: !!! truncated channel 5 from 37770 to 37696 samples !!!
ForceSamplePos: WARNING: !!! truncated channel 5 from 8010 to 7936 samples !!!
ForceSamplePos: WARNING: !!! truncated channel 5 from 15946 to 15872 samples !!!
ForceSamplePos: WARNING: !!! truncated channel 5 from 23882 to 23808 samples !!!
ForceSamplePos: WARNING: !!! truncated channel 5 from 39754 to 39680 samples !!!
ForceSamplePos: WARNING: !!! truncated channel 5 from 19914 to 19840 samples !!!
ForceSamplePos: WARNING: !!! truncated channel 5 from 27850 to 27776 samples !!!
ForceSamplePos: WARNING: !!! truncated channel 5 from 35786 to 35712 samples !!!
ForceSamplePos: WARNING: !!! truncated channel 5 from 43722 to 43648 samples !!!
ForceSamplePos: WARNING: !!! truncated channel 5 from 9994 to 9920 samples !!!
ForceSamplePos: WARNING: !!! truncated channel 5 from 17930 to 17856 samples !!!
ForceSamplePos: WARNING: !!! truncated channel 5 from 25866 to 25792 samples !!!
ForceSamplePos: WARNING: !!! truncated channel 5 from 33802 to 33728 samples !!!
ForceSamplePos: WARNING: !!! truncated channel 5 from 8010 to 7936 samples !!!
ForceSamplePos: WARNING: !!! truncated channel 5 from 15946 to 15872 samples !!!
ForceSamplePos: WARNING: !!! truncated channel 5 from 23882 to 23808 samples !!!
ForceSamplePos: WARNING: !!! truncated channel 5 from 31818 to 31744 samples !!!
ForceSamplePos: WARNING: !!! truncated channel 5 from 39754 to 39680 samples !!!
ForceSamplePos: WARNING: !!! truncated channel 5 from 9994 to 9920 samples !!!
ForceSamplePos: WARNING: !!! truncated channel 5 from 35786 to 35712 samples !!!
ForceSamplePos: WARNING: !!! truncated channel 5 from 43722 to 43648 samples !!!
ForceSamplePos: WARNING: !!! truncated channel 5 from 6026 to 5952 samples !!!
ForceSamplePos: WARNING: !!! truncated channel 5 from 13962 to 13888 samples !!!
ForceSamplePos: WARNING: !!! truncated channel 5 from 21898 to 21824 samples !!!
ForceSamplePos: WARNING: !!! truncated channel 5 from 29834 to 29760 samples !!!
Game minimized or lost focus--pausing...
Focus regained, resuming play...
Game minimized or lost focus--pausing...
ForceSamplePos: WARNING: !!! truncated channel 5 from 31818 to 31744 samples !!!
ForceSamplePos: WARNING: !!! truncated channel 5 from 39754 to 39680 samples !!!
ForceSamplePos: WARNING: !!! truncated channel 5 from 2058 to 1984 samples !!!
ForceSamplePos: WARNING: !!! truncated channel 5 from 9994 to 9920 samples !!!
ForceSamplePos: WARNING: !!! truncated channel 5 from 17930 to 17856 samples !!!
ForceSamplePos: WARNING: !!! truncated channel 5 from 25866 to 25792 samples !!!
ForceSamplePos: WARNING: !!! truncated channel 5 from 41738 to 41664 samples !!!
ForceSamplePos: WARNING: !!! truncated channel 5 from 21898 to 21824 samples !!!
ForceSamplePos: WARNING: !!! truncated channel 5 from 29834 to 29760 samples !!!
ForceSamplePos: WARNING: !!! truncated channel 5 from 37770 to 37696 samples !!!
ForceSamplePos: WARNING: !!! truncated channel 5 from 8010 to 7936 samples !!!
ForceSamplePos: WARNING: !!! truncated channel 5 from 15946 to 15872 samples !!!
ForceSamplePos: WARNING: !!! truncated channel 5 from 31818 to 31744 samples !!!
ForceSamplePos: WARNING: !!! truncated channel 5 from 11978 to 11904 samples !!!
ForceSamplePos: WARNING: !!! truncated channel 5 from 19914 to 19840 samples !!!
ForceSamplePos: WARNING: !!! truncated channel 5 from 27850 to 27776 samples !!!
ForceSamplePos: WARNING: !!! truncated channel 5 from 35786 to 35712 samples !!!
ForceSamplePos: WARNING: !!! truncated channel 5 from 2058 to 1984 samples !!!
ForceSamplePos: WARNING: !!! truncated channel 5 from 9994 to 9920 samples !!!
ForceSamplePos: WARNING: !!! truncated channel 5 from 17930 to 17856 samples !!!
ForceSamplePos: WARNING: !!! truncated channel 5 from 25866 to 25792 samples !!!
ForceSamplePos: WARNING: !!! truncated channel 5 from 37770 to 37696 samples !!!
ForceSamplePos: WARNING: !!! truncated channel 5 from 8010 to 7936 samples !!!
ForceSamplePos: WARNING: !!! truncated channel 5 from 15946 to 15872 samples !!!
ForceSamplePos: WARNING: !!! truncated channel 5 from 23882 to 23808 samples !!!
ForceSamplePos: WARNING: !!! truncated channel 5 from 31818 to 31744 samples !!!
ForceSamplePos: WARNING: !!! truncated channel 5 from 2058 to 1984 samples !!!
ForceSamplePos: WARNING: !!! truncated channel 5 from 27850 to 27776 samples !!!
ForceSamplePos: WARNING: !!! truncated channel 5 from 35786 to 35712 samples !!!
ForceSamplePos: WARNING: !!! truncated channel 5 from 43722 to 43648 samples !!!
ForceSamplePos: WARNING: !!! truncated channel 5 from 6026 to 5952 samples !!!
ForceSamplePos: WARNING: !!! truncated channel 5 from 13962 to 13888 samples !!!
ForceSamplePos: WARNING: !!! truncated channel 5 from 21898 to 21824 samples !!!
ForceSamplePos: WARNING: !!! truncated channel 5 from 37770 to 37696 samples !!!
ForceSamplePos: WARNING: !!! truncated channel 5 from 23882 to 23808 samples !!!
ForceSamplePos: WARNING: !!! truncated channel 5 from 31818 to 31744 samples !!!
ForceSamplePos: WARNING: !!! truncated channel 5 from 39754 to 39680 samples !!!
ForceSamplePos: WARNING: !!! truncated channel 5 from 2058 to 1984 samples !!!
ForceSamplePos: WARNING: !!! truncated channel 5 from 9994 to 9920 samples !!!
ForceSamplePos: WARNING: !!! truncated channel 5 from 17930 to 17856 samples !!!
ForceSamplePos: WARNING: !!! truncated channel 5 from 33802 to 33728 samples !!!
ForceSamplePos: WARNING: !!! truncated channel 5 from 13962 to 13888 samples !!!
ForceSamplePos: WARNING: !!! truncated channel 5 from 21898 to 21824 samples !!!
ForceSamplePos: WARNING: !!! truncated channel 5 from 29834 to 29760 samples !!!
ForceSamplePos: WARNING: !!! truncated channel 5 from 37770 to 37696 samples !!!
ForceSamplePos: WARNING: !!! truncated channel 5 from 8010 to 7936 samples !!!
ForceSamplePos: WARNING: !!! truncated channel 5 from 23882 to 23808 samples !!!
ForceSamplePos: WARNING: !!! truncated channel 5 from 4042 to 3968 samples !!!
ForceSamplePos: WARNING: !!! truncated channel 5 from 11978 to 11904 samples !!!
ForceSamplePos: WARNING: !!! truncated channel 5 from 19914 to 19840 samples !!!
ForceSamplePos: WARNING: !!! truncated channel 5 from 27850 to 27776 samples !!!
ForceSamplePos: WARNING: !!! truncated channel 5 from 39754 to 39680 samples !!!
ForceSamplePos: WARNING: !!! truncated channel 5 from 2058 to 1984 samples !!!
ForceSamplePos: WARNING: !!! truncated channel 5 from 9994 to 9920 samples !!!
ForceSamplePos: WARNING: !!! truncated channel 5 from 17930 to 17856 samples !!!
ForceSamplePos: WARNING: !!! truncated channel 5 from 29834 to 29760 samples !!!
ForceSamplePos: WARNING: !!! truncated channel 5 from 37770 to 37696 samples !!!
ForceSamplePos: WARNING: !!! truncated channel 5 from 8010 to 7936 samples !!!
ForceSamplePos: WARNING: !!! truncated channel 5 from 15946 to 15872 samples !!!
ForceSamplePos: WARNING: !!! truncated channel 5 from 23882 to 23808 samples !!!
ForceSamplePos: WARNING: !!! truncated channel 5 from 39754 to 39680 samples !!!
ForceSamplePos: WARNING: !!! truncated channel 5 from 19914 to 19840 samples !!!
ForceSamplePos: WARNING: !!! truncated channel 5 from 27850 to 27776 samples !!!
ForceSamplePos: WARNING: !!! truncated channel 5 from 35786 to 35712 samples !!!
ForceSamplePos: WARNING: !!! truncated channel 5 from 43722 to 43648 samples !!!
ForceSamplePos: WARNING: !!! truncated channel 5 from 6026 to 5952 samples !!!
ForceSamplePos: WARNING: !!! truncated channel 5 from 13962 to 13888 samples !!!
ForceSamplePos: WARNING: !!! truncated channel 5 from 29834 to 29760 samples !!!
ForceSamplePos: WARNING: !!! truncated channel 5 from 15946 to 15872 samples !!!
ForceSamplePos: WARNING: !!! truncated channel 5 from 23882 to 23808 samples !!!
ForceSamplePos: WARNING: !!! truncated channel 5 from 31818 to 31744 samples !!!
ForceSamplePos: WARNING: !!! truncated channel 5 from 39754 to 39680 samples !!!
ForceSamplePos: WARNING: !!! truncated channel 5 from 2058 to 1984 samples !!!
ForceSamplePos: WARNING: !!! truncated channel 5 from 9994 to 9920 samples !!!
ForceSamplePos: WARNING: !!! truncated channel 5 from 25866 to 25792 samples !!!
ForceSamplePos: WARNING: !!! truncated channel 5 from 6026 to 5952 samples !!!
ForceSamplePos: WARNING: !!! truncated channel 5 from 13962 to 13888 samples !!!
ForceSamplePos: WARNING: !!! truncated channel 5 from 21898 to 21824 samples !!!
ForceSamplePos: WARNING: !!! truncated channel 5 from 29834 to 29760 samples !!!
ForceSamplePos: WARNING: !!! truncated channel 5 from 37770 to 37696 samples !!!
ForceSamplePos: WARNING: !!! truncated channel 5 from 15946 to 15872 samples !!!
ForceSamplePos: WARNING: !!! truncated channel 5 from 41738 to 41664 samples !!!
ForceSamplePos: WARNING: !!! truncated channel 5 from 4042 to 3968 samples !!!
ForceSamplePos: WARNING: !!! truncated channel 5 from 11978 to 11904 samples !!!
ForceSamplePos: WARNING: !!! truncated channel 5 from 19914 to 19840 samples !!!
ForceSamplePos: WARNING: !!! truncated channel 5 from 31818 to 31744 samples !!!
ForceSamplePos: WARNING: !!! truncated channel 5 from 39754 to 39680 samples !!!
ForceSamplePos: WARNING: !!! truncated channel 5 from 2058 to 1984 samples !!!
ForceSamplePos: WARNING: !!! truncated channel 5 from 9994 to 9920 samples !!!
ForceSamplePos: WARNING: !!! truncated channel 5 from 21898 to 21824 samples !!!
ForceSamplePos: WARNING: !!! truncated channel 5 from 29834 to 29760 samples !!!
ForceSamplePos: WARNING: !!! truncated channel 5 from 37770 to 37696 samples !!!
ForceSamplePos: WARNING: !!! truncated channel 5 from 8010 to 7936 samples !!!
ForceSamplePos: WARNING: !!! truncated channel 5 from 15946 to 15872 samples !!!
ForceSamplePos: WARNING: !!! truncated channel 5 from 31818 to 31744 samples !!!
ForceSamplePos: WARNING: !!! truncated channel 5 from 11978 to 11904 samples !!!
ForceSamplePos: WARNING: !!! truncated channel 5 from 19914 to 19840 samples !!!
ForceSamplePos: WARNING: !!! truncated channel 5 from 27850 to 27776 samples !!!
ForceSamplePos: WARNING: !!! truncated channel 5 from 35786 to 35712 samples !!!
ForceSamplePos: WARNING: !!! truncated channel 5 from 43722 to 43648 samples !!!
ForceSamplePos: WARNING: !!! truncated channel 5 from 6026 to 5952 samples !!!
ForceSamplePos: WARNING: !!! truncated channel 5 from 21898 to 21824 samples !!!
ForceSamplePos: WARNING: !!! truncated channel 5 from 8010 to 7936 samples !!!
ForceSamplePos: WARNING: !!! truncated channel 5 from 15946 to 15872 samples !!!
ForceSamplePos: WARNING: !!! truncated channel 5 from 23882 to 23808 samples !!!
ForceSamplePos: WARNING: !!! truncated channel 5 from 31818 to 31744 samples !!!
ForceSamplePos: WARNING: !!! truncated channel 5 from 39754 to 39680 samples !!!
ForceSamplePos: WARNING: !!! truncated channel 5 from 2058 to 1984 samples !!!
ForceSamplePos: WARNING: !!! truncated channel 5 from 17930 to 17856 samples !!!
ForceSamplePos: WARNING: !!! truncated channel 5 from 43722 to 43648 samples !!!
ForceSamplePos: WARNING: !!! truncated channel 5 from 6026 to 5952 samples !!!
ForceSamplePos: WARNING: !!! truncated channel 5 from 13962 to 13888 samples !!!
ForceSamplePos: WARNING: !!! truncated channel 5 from 21898 to 21824 samples !!!
ForceSamplePos: WARNING: !!! truncated channel 5 from 29834 to 29760 samples !!!
ForceSamplePos: WARNING: !!! truncated channel 5 from 37770 to 37696 samples !!!
ForceSamplePos: WARNING: !!! truncated channel 5 from 8010 to 7936 samples !!!
ForceSamplePos: WARNING: !!! truncated channel 5 from 33802 to 33728 samples !!!
ForceSamplePos: WARNING: !!! truncated channel 5 from 41738 to 41664 samples !!!
ForceSamplePos: WARNING: !!! truncated channel 5 from 4042 to 3968 samples !!!
ForceSamplePos: WARNING: !!! truncated channel 5 from 11978 to 11904 samples !!!
ForceSamplePos: WARNING: !!! truncated channel 5 from 23882 to 23808 samples !!!
ForceSamplePos: WARNING: !!! truncated channel 5 from 31818 to 31744 samples !!!
ForceSamplePos: WARNING: !!! truncated channel 5 from 39754 to 39680 samples !!!
ForceSamplePos: WARNING: !!! truncated channel 5 from 2058 to 1984 samples !!!
ForceSamplePos: WARNING: !!! truncated channel 5 from 13962 to 13888 samples !!!
ForceSamplePos: WARNING: !!! truncated channel 5 from 21898 to 21824 samples !!!
ForceSamplePos: WARNING: !!! truncated channel 5 from 29834 to 29760 samples !!!
ForceSamplePos: WARNING: !!! truncated channel 5 from 37770 to 37696 samples !!!
ForceSamplePos: WARNING: !!! truncated channel 5 from 8010 to 7936 samples !!!
ForceSamplePos: WARNING: !!! truncated channel 5 from 23882 to 23808 samples !!!
ForceSamplePos: WARNING: !!! truncated channel 5 from 4042 to 3968 samples !!!
ForceSamplePos: WARNING: !!! truncated channel 5 from 11978 to 11904 samples !!!
ForceSamplePos: WARNING: !!! truncated channel 5 from 19914 to 19840 samples !!!
ForceSamplePos: WARNING: !!! truncated channel 5 from 27850 to 27776 samples !!!
ForceSamplePos: WARNING: !!! truncated channel 5 from 35786 to 35712 samples !!!
ForceSamplePos: WARNING: !!! truncated channel 5 from 43722 to 43648 samples !!!
ForceSamplePos: WARNING: !!! truncated channel 5 from 13962 to 13888 samples !!!
ForceSamplePos: WARNING: !!! truncated channel 5 from 8010 to 7936 samples !!!
ForceSamplePos: WARNING: !!! truncated channel 5 from 15946 to 15872 samples !!!
ForceSamplePos: WARNING: !!! truncated channel 5 from 23882 to 23808 samples !!!
ForceSamplePos: WARNING: !!! truncated channel 5 from 31818 to 31744 samples !!!
ForceSamplePos: WARNING: !!! truncated channel 5 from 39754 to 39680 samples !!!
ForceSamplePos: WARNING: !!! truncated channel 5 from 9994 to 9920 samples !!!
ForceSamplePos: WARNING: !!! truncated channel 5 from 35786 to 35712 samples !!!
ForceSamplePos: WARNING: !!! truncated channel 5 from 43722 to 43648 samples !!!
ForceSamplePos: WARNING: !!! truncated channel 5 from 6026 to 5952 samples !!!
ForceSamplePos: WARNING: !!! truncated channel 5 from 13962 to 13888 samples !!!
ForceSamplePos: WARNING: !!! truncated channel 5 from 21898 to 21824 samples !!!
ForceSamplePos: WARNING: !!! truncated channel 5 from 29834 to 29760 samples !!!
ForceSamplePos: WARNING: !!! truncated channel 5 from 25866 to 25792 samples !!!
ForceSamplePos: WARNING: !!! truncated channel 5 from 33802 to 33728 samples !!!
ForceSamplePos: WARNING: !!! truncated channel 5 from 41738 to 41664 samples !!!
ForceSamplePos: WARNING: !!! truncated channel 5 from 4042 to 3968 samples !!!
ForceSamplePos: WARNING: !!! truncated channel 5 from 15946 to 15872 samples !!!
ForceSamplePos: WARNING: !!! truncated channel 5 from 23882 to 23808 samples !!!
ForceSamplePos: WARNING: !!! truncated channel 5 from 31818 to 31744 samples !!!
ForceSamplePos: WARNING: !!! truncated channel 5 from 39754 to 39680 samples !!!
ForceSamplePos: WARNING: !!! truncated channel 5 from 6026 to 5952 samples !!!
ForceSamplePos: WARNING: !!! truncated channel 5 from 13962 to 13888 samples !!!
ForceSamplePos: WARNING: !!! truncated channel 5 from 21898 to 21824 samples !!!
ForceSamplePos: WARNING: !!! truncated channel 5 from 29834 to 29760 samples !!!
ForceSamplePos: WARNING: !!! truncated channel 5 from 37770 to 37696 samples !!!
ForceSamplePos: WARNING: !!! truncated channel 5 from 15946 to 15872 samples !!!
ForceSamplePos: WARNING: !!! truncated channel 5 from 41738 to 41664 samples !!!
ForceSamplePos: WARNING: !!! truncated channel 5 from 4042 to 3968 samples !!!
ForceSamplePos: WARNING: !!! truncated channel 5 from 11978 to 11904 samples !!!
ForceSamplePos: WARNING: !!! truncated channel 5 from 19914 to 19840 samples !!!
ForceSamplePos: WARNING: !!! truncated channel 5 from 27850 to 27776 samples !!!
ForceSamplePos: WARNING: !!! truncated channel 5 from 35786 to 35712 samples !!!
ForceSamplePos: WARNING: !!! truncated channel 5 from 6026 to 5952 samples !!!
ForceSamplePos: WARNING: !!! truncated channel 5 from 37770 to 37696 samples !!!
ForceSamplePos: WARNING: !!! truncated channel 5 from 8010 to 7936 samples !!!
ForceSamplePos: WARNING: !!! truncated channel 5 from 15946 to 15872 samples !!!
ForceSamplePos: WARNING: !!! truncated channel 5 from 23882 to 23808 samples !!!
ForceSamplePos: WARNING: !!! truncated channel 5 from 31818 to 31744 samples !!!
ForceSamplePos: WARNING: !!! truncated channel 5 from 2058 to 1984 samples !!!
ForceSamplePos: WARNING: !!! truncated channel 5 from 27850 to 27776 samples !!!
ForceSamplePos: WARNING: !!! truncated channel 5 from 35786 to 35712 samples !!!
ForceSamplePos: WARNING: !!! truncated channel 5 from 43722 to 43648 samples !!!
ForceSamplePos: WARNING: !!! truncated channel 5 from 6026 to 5952 samples !!!
ForceSamplePos: WARNING: !!! truncated channel 5 from 13962 to 13888 samples !!!
ForceSamplePos: WARNING: !!! truncated channel 5 from 21898 to 21824 samples !!!
ForceSamplePos: WARNING: !!! truncated channel 5 from 37770 to 37696 samples !!!
ForceSamplePos: WARNING: !!! truncated channel 5 from 17930 to 17856 samples !!!
ForceSamplePos: WARNING: !!! truncated channel 5 from 25866 to 25792 samples !!!
ForceSamplePos: WARNING: !!! truncated channel 5 from 33802 to 33728 samples !!!
ForceSamplePos: WARNING: !!! truncated channel 5 from 41738 to 41664 samples !!!
ForceSamplePos: WARNING: !!! truncated channel 5 from 8010 to 7936 samples !!!
ForceSamplePos: WARNING: !!! truncated channel 5 from 15946 to 15872 samples !!!
ForceSamplePos: WARNING: !!! truncated channel 5 from 23882 to 23808 samples !!!
ForceSamplePos: WARNING: !!! truncated channel 5 from 31818 to 31744 samples !!!
ForceSamplePos: WARNING: !!! truncated channel 5 from 43722 to 43648 samples !!!
ForceSamplePos: WARNING: !!! truncated channel 5 from 6026 to 5952 samples !!!
ForceSamplePos: WARNING: !!! truncated channel 5 from 13962 to 13888 samples !!!
ForceSamplePos: WARNING: !!! truncated channel 5 from 21898 to 21824 samples !!!
ForceSamplePos: WARNING: !!! truncated channel 5 from 29834 to 29760 samples !!!
ForceSamplePos: WARNING: !!! truncated channel 5 from 37770 to 37696 samples !!!
ForceSamplePos: WARNING: !!! truncated channel 5 from 8010 to 7936 samples !!!
ForceSamplePos: WARNING: !!! truncated channel 5 from 33802 to 33728 samples !!!
ForceSamplePos: WARNING: !!! truncated channel 5 from 41738 to 41664 samples !!!
ForceSamplePos: WARNING: !!! truncated channel 5 from 4042 to 3968 samples !!!
ForceSamplePos: WARNING: !!! truncated channel 5 from 11978 to 11904 samples !!!
ForceSamplePos: WARNING: !!! truncated channel 5 from 19914 to 19840 samples !!!
ForceSamplePos: WARNING: !!! truncated channel 5 from 27850 to 27776 samples !!!
ForceSamplePos: WARNING: !!! truncated channel 5 from 43722 to 43648 samples !!!
ForceSamplePos: WARNING: !!! truncated channel 5 from 29834 to 29760 samples !!!
ForceSamplePos: WARNING: !!! truncated channel 5 from 37770 to 37696 samples !!!
ForceSamplePos: WARNING: !!! truncated channel 5 from 8010 to 7936 samples !!!
ForceSamplePos: WARNING: !!! truncated channel 5 from 15946 to 15872 samples !!!
ForceSamplePos: WARNING: !!! truncated channel 5 from 23882 to 23808 samples !!!
ForceSamplePos: WARNING: !!! truncated channel 5 from 39754 to 39680 samples !!!
ForceSamplePos: WARNING: !!! truncated channel 5 from 19914 to 19840 samples !!!
ForceSamplePos: WARNING: !!! truncated channel 5 from 27850 to 27776 samples !!!
ForceSamplePos: WARNING: !!! truncated channel 5 from 35786 to 35712 samples !!!
ForceSamplePos: WARNING: !!! truncated channel 5 from 43722 to 43648 samples !!!
ForceSamplePos: WARNING: !!! truncated channel 5 from 6026 to 5952 samples !!!
ForceSamplePos: WARNING: !!! truncated channel 5 from 13962 to 13888 samples !!!
ForceSamplePos: WARNING: !!! truncated channel 5 from 29834 to 29760 samples !!!
ForceSamplePos: WARNING: !!! truncated channel 5 from 9994 to 9920 samples !!!
ForceSamplePos: WARNING: !!! truncated channel 5 from 17930 to 17856 samples !!!
ForceSamplePos: WARNING: !!! truncated channel 5 from 25866 to 25792 samples !!!
ForceSamplePos: WARNING: !!! truncated channel 5 from 33802 to 33728 samples !!!
ForceSamplePos: WARNING: !!! truncated channel 5 from 8010 to 7936 samples !!!
ForceSamplePos: WARNING: !!! truncated channel 5 from 15946 to 15872 samples !!!
ForceSamplePos: WARNING: !!! truncated channel 5 from 23882 to 23808 samples !!!
ForceSamplePos: WARNING: !!! truncated channel 5 from 35786 to 35712 samples !!!
ForceSamplePos: WARNING: !!! truncated channel 5 from 43722 to 43648 samples !!!
ForceSamplePos: WARNING: !!! truncated channel 5 from 6026 to 5952 samples !!!
ForceSamplePos: WARNING: !!! truncated channel 5 from 13962 to 13888 samples !!!
ForceSamplePos: WARNING: !!! truncated channel 5 from 21898 to 21824 samples !!!
ForceSamplePos: WARNING: !!! truncated channel 5 from 29834 to 29760 samples !!!
ForceSamplePos: WARNING: !!! truncated channel 5 from 25866 to 25792 samples !!!
ForceSamplePos: WARNING: !!! truncated channel 5 from 33802 to 33728 samples !!!
ForceSamplePos: WARNING: !!! truncated channel 5 from 41738 to 41664 samples !!!
ForceSamplePos: WARNING: !!! truncated channel 5 from 4042 to 3968 samples !!!
ForceSamplePos: WARNING: !!! truncated channel 5 from 11978 to 11904 samples !!!
ForceSamplePos: WARNING: !!! truncated channel 5 from 19914 to 19840 samples !!!
ForceSamplePos: WARNING: !!! truncated channel 5 from 35786 to 35712 samples !!!
ForceSamplePos: WARNING: !!! truncated channel 5 from 21898 to 21824 samples !!!
ForceSamplePos: WARNING: !!! truncated channel 5 from 29834 to 29760 samples !!!
ForceSamplePos: WARNING: !!! truncated channel 5 from 37770 to 37696 samples !!!
ForceSamplePos: WARNING: !!! truncated channel 5 from 8010 to 7936 samples !!!
ForceSamplePos: WARNING: !!! truncated channel 5 from 15946 to 15872 samples !!!
ForceSamplePos: WARNING: !!! truncated channel 5 from 31818 to 31744 samples !!!
ForceSamplePos: WARNING: !!! truncated channel 5 from 11978 to 11904 samples !!!
ForceSamplePos: WARNING: !!! truncated channel 5 from 19914 to 19840 samples !!!
ForceSamplePos: WARNING: !!! truncated channel 5 from 27850 to 27776 samples !!!
ForceSamplePos: WARNING: !!! truncated channel 5 from 35786 to 35712 samples !!!
ForceSamplePos: WARNING: !!! truncated channel 5 from 43722 to 43648 samples !!!
ForceSamplePos: WARNING: !!! truncated channel 5 from 6026 to 5952 samples !!!
ForceSamplePos: WARNING: !!! truncated channel 5 from 21898 to 21824 samples !!!
ForceSamplePos: WARNING: !!! truncated channel 5 from 2058 to 1984 samples !!!
ForceSamplePos: WARNING: !!! truncated channel 5 from 9994 to 9920 samples !!!
ForceSamplePos: WARNING: !!! truncated channel 5 from 17930 to 17856 samples !!!
ForceSamplePos: WARNING: !!! truncated channel 5 from 25866 to 25792 samples !!!
ForceSamplePos: WARNING: !!! truncated channel 5 from 37770 to 37696 samples !!!
ForceSamplePos: WARNING: !!! truncated channel 5 from 8010 to 7936 samples !!!
ForceSamplePos: WARNING: !!! truncated channel 5 from 15946 to 15872 samples !!!
ForceSamplePos: WARNING: !!! truncated channel 5 from 27850 to 27776 samples !!!
ForceSamplePos: WARNING: !!! truncated channel 5 from 35786 to 35712 samples !!!
ForceSamplePos: WARNING: !!! truncated channel 5 from 43722 to 43648 samples !!!
ForceSamplePos: WARNING: !!! truncated channel 5 from 6026 to 5952 samples !!!
ForceSamplePos: WARNING: !!! truncated channel 5 from 13962 to 13888 samples !!!
ForceSamplePos: WARNING: !!! truncated channel 5 from 21898 to 21824 samples !!!
ForceSamplePos: WARNING: !!! truncated channel 5 from 37770 to 37696 samples !!!
ForceSamplePos: WARNING: !!! truncated channel 5 from 17930 to 17856 samples !!!
ForceSamplePos: WARNING: !!! truncated channel 5 from 25866 to 25792 samples !!!
ForceSamplePos: WARNING: !!! truncated channel 5 from 33802 to 33728 samples !!!
ForceSamplePos: WARNING: !!! truncated channel 5 from 41738 to 41664 samples !!!
ForceSamplePos: WARNING: !!! truncated channel 5 from 4042 to 3968 samples !!!
ForceSamplePos: WARNING: !!! truncated channel 5 from 11978 to 11904 samples !!!
ForceSamplePos: WARNING: !!! truncated channel 5 from 27850 to 27776 samples !!!
ForceSamplePos: WARNING: !!! truncated channel 5 from 13962 to 13888 samples !!!
ForceSamplePos: WARNING: !!! truncated channel 5 from 21898 to 21824 samples !!!
ForceSamplePos: WARNING: !!! truncated channel 5 from 29834 to 29760 samples !!!
ForceSamplePos: WARNING: !!! truncated channel 5 from 37770 to 37696 samples !!!
ForceSamplePos: WARNING: !!! truncated channel 5 from 8010 to 7936 samples !!!
ForceSamplePos: WARNING: !!! truncated channel 5 from 23882 to 23808 samples !!!
ForceSamplePos: WARNING: !!! truncated channel 5 from 4042 to 3968 samples !!!
ForceSamplePos: WARNING: !!! truncated channel 5 from 11978 to 11904 samples !!!
ForceSamplePos: WARNING: !!! truncated channel 5 from 19914 to 19840 samples !!!
ForceSamplePos: WARNING: !!! truncated channel 5 from 27850 to 27776 samples !!!
ForceSamplePos: WARNING: !!! truncated channel 5 from 35786 to 35712 samples !!!
ForceSamplePos: WARNING: !!! truncated channel 5 from 43722 to 43648 samples !!!
ForceSamplePos: WARNING: !!! truncated channel 5 from 13962 to 13888 samples !!!
ForceSamplePos: WARNING: !!! truncated channel 5 from 39754 to 39680 samples !!!
ForceSamplePos: WARNING: !!! truncated channel 5 from 2058 to 1984 samples !!!
ForceSamplePos: WARNING: !!! truncated channel 5 from 9994 to 9920 samples !!!
ForceSamplePos: WARNING: !!! truncated channel 5 from 17930 to 17856 samples !!!
ForceSamplePos: WARNING: !!! truncated channel 5 from 29834 to 29760 samples !!!
ForceSamplePos: WARNING: !!! truncated channel 5 from 37770 to 37696 samples !!!
ForceSamplePos: WARNING: !!! truncated channel 5 from 8010 to 7936 samples !!!
ForceSamplePos: WARNING: !!! truncated channel 5 from 19914 to 19840 samples !!!
ForceSamplePos: WARNING: !!! truncated channel 5 from 27850 to 27776 samples !!!
ForceSamplePos: WARNING: !!! truncated channel 5 from 35786 to 35712 samples !!!
ForceSamplePos: WARNING: !!! truncated channel 5 from 43722 to 43648 samples !!!
ForceSamplePos: WARNING: !!! truncated channel 5 from 6026 to 5952 samples !!!
ForceSamplePos: WARNING: !!! truncated channel 5 from 13962 to 13888 samples !!!
ForceSamplePos: WARNING: !!! truncated channel 5 from 29834 to 29760 samples !!!
ForceSamplePos: WARNING: !!! truncated channel 5 from 9994 to 9920 samples !!!
ForceSamplePos: WARNING: !!! truncated channel 5 from 17930 to 17856 samples !!!
ForceSamplePos: WARNING: !!! truncated channel 5 from 25866 to 25792 samples !!!
ForceSamplePos: WARNING: !!! truncated channel 5 from 33802 to 33728 samples !!!
ForceSamplePos: WARNING: !!! truncated channel 5 from 41738 to 41664 samples !!!
ForceSamplePos: WARNING: !!! truncated channel 5 from 4042 to 3968 samples !!!
ForceSamplePos: WARNING: !!! truncated channel 5 from 19914 to 19840 samples !!!
ForceSamplePos: WARNING: !!! truncated channel 5 from 6026 to 5952 samples !!!
ForceSamplePos: WARNING: !!! truncated channel 5 from 13962 to 13888 samples !!!
ForceSamplePos: WARNING: !!! truncated channel 5 from 21898 to 21824 samples !!!
ForceSamplePos: WARNING: !!! truncated channel 5 from 29834 to 29760 samples !!!
ForceSamplePos: WARNING: !!! truncated channel 5 from 37770 to 37696 samples !!!
ForceSamplePos: WARNING: !!! truncated channel 5 from 15946 to 15872 samples !!!
ForceSamplePos: WARNING: !!! truncated channel 5 from 41738 to 41664 samples !!!
ForceSamplePos: WARNING: !!! truncated channel 5 from 4042 to 3968 samples !!!
ForceSamplePos: WARNING: !!! truncated channel 5 from 11978 to 11904 samples !!!
ForceSamplePos: WARNING: !!! truncated channel 5 from 19914 to 19840 samples !!!
ForceSamplePos: WARNING: !!! truncated channel 5 from 27850 to 27776 samples !!!
ForceSamplePos: WARNING: !!! truncated channel 5 from 35786 to 35712 samples !!!
ForceSamplePos: WARNING: !!! truncated channel 5 from 6026 to 5952 samples !!!
ForceSamplePos: WARNING: !!! truncated channel 5 from 31818 to 31744 samples !!!
ForceSamplePos: WARNING: !!! truncated channel 5 from 39754 to 39680 samples !!!
ForceSamplePos: WARNING: !!! truncated channel 5 from 2058 to 1984 samples !!!
ForceSamplePos: WARNING: !!! truncated channel 5 from 9994 to 9920 samples !!!
ForceSamplePos: WARNING: !!! truncated channel 5 from 21898 to 21824 samples !!!
ForceSamplePos: WARNING: !!! truncated channel 5 from 29834 to 29760 samples !!!
ForceSamplePos: WARNING: !!! truncated channel 5 from 37770 to 37696 samples !!!
ForceSamplePos: WARNING: !!! truncated channel 5 from 11978 to 11904 samples !!!
ForceSamplePos: WARNING: !!! truncated channel 5 from 19914 to 19840 samples !!!
ForceSamplePos: WARNING: !!! truncated channel 5 from 27850 to 27776 samples !!!
ForceSamplePos: WARNING: !!! truncated channel 5 from 35786 to 35712 samples !!!
ForceSamplePos: WARNING: !!! truncated channel 5 from 43722 to 43648 samples !!!
ForceSamplePos: WARNING: !!! truncated channel 5 from 6026 to 5952 samples !!!
ForceSamplePos: WARNING: !!! truncated channel 5 from 21898 to 21824 samples !!!
ForceSamplePos: WARNING: !!! truncated channel 5 from 2058 to 1984 samples !!!
ForceSamplePos: WARNING: !!! truncated channel 5 from 9994 to 9920 samples !!!
ForceSamplePos: WARNING: !!! truncated channel 5 from 17930 to 17856 samples !!!
ForceSamplePos: WARNING: !!! truncated channel 5 from 25866 to 25792 samples !!!
ForceSamplePos: WARNING: !!! truncated channel 5 from 33802 to 33728 samples !!!
ForceSamplePos: WARNING: !!! truncated channel 5 from 41738 to 41664 samples !!!
ForceSamplePos: WARNING: !!! truncated channel 5 from 11978 to 11904 samples !!!
ForceSamplePos: WARNING: !!! truncated channel 5 from 43722 to 43648 samples !!!
ForceSamplePos: WARNING: !!! truncated channel 5 from 6026 to 5952 samples !!!
ForceSamplePos: WARNING: !!! truncated channel 5 from 13962 to 13888 samples !!!
ForceSamplePos: WARNING: !!! truncated channel 5 from 21898 to 21824 samples !!!
ForceSamplePos: WARNING: !!! truncated channel 5 from 29834 to 29760 samples !!!
ForceSamplePos: WARNING: !!! truncated channel 5 from 37770 to 37696 samples !!!
ForceSamplePos: WARNING: !!! truncated channel 5 from 8010 to 7936 samples !!!
ForceSamplePos: WARNING: !!! truncated channel 5 from 33802 to 33728 samples !!!
ForceSamplePos: WARNING: !!! truncated channel 5 from 41738 to 41664 samples !!!
ForceSamplePos: WARNING: !!! truncated channel 5 from 4042 to 3968 samples !!!
ForceSamplePos: WARNING: !!! truncated channel 5 from 11978 to 11904 samples !!!
ForceSamplePos: WARNING: !!! truncated channel 5 from 19914 to 19840 samples !!!
ForceSamplePos: WARNING: !!! truncated channel 5 from 27850 to 27776 samples !!!
ForceSamplePos: WARNING: !!! truncated channel 5 from 43722 to 43648 samples !!!
ForceSamplePos: WARNING: !!! truncated channel 5 from 23882 to 23808 samples !!!
ForceSamplePos: WARNING: !!! truncated channel 5 from 31818 to 31744 samples !!!
ForceSamplePos: WARNING: !!! truncated channel 5 from 39754 to 39680 samples !!!
ForceSamplePos: WARNING: !!! truncated channel 5 from 2058 to 1984 samples !!!
ForceSamplePos: WARNING: !!! truncated channel 5 from 13962 to 13888 samples !!!
ForceSamplePos: WARNING: !!! truncated channel 5 from 21898 to 21824 samples !!!
ForceSamplePos: WARNING: !!! truncated channel 5 from 29834 to 29760 samples !!!
ForceSamplePos: WARNING: !!! truncated channel 5 from 37770 to 37696 samples !!!
ForceSamplePos: WARNING: !!! truncated channel 5 from 4042 to 3968 samples !!!
ForceSamplePos: WARNING: !!! truncated channel 5 from 11978 to 11904 samples !!!
ForceSamplePos: WARNING: !!! truncated channel 5 from 19914 to 19840 samples !!!
ForceSamplePos: WARNING: !!! truncated channel 5 from 27850 to 27776 samples !!!
ForceSamplePos: WARNING: !!! truncated channel 5 from 35786 to 35712 samples !!!
ForceSamplePos: WARNING: !!! truncated channel 5 from 43722 to 43648 samples !!!
ForceSamplePos: WARNING: !!! truncated channel 5 from 13962 to 13888 samples !!!
ForceSamplePos: WARNING: !!! truncated channel 5 from 39754 to 39680 samples !!!
ForceSamplePos: WARNING: !!! truncated channel 5 from 2058 to 1984 samples !!!
ForceSamplePos: WARNING: !!! truncated channel 5 from 9994 to 9920 samples !!!
ForceSamplePos: WARNING: !!! truncated channel 5 from 17930 to 17856 samples !!!
ForceSamplePos: WARNING: !!! truncated channel 5 from 25866 to 25792 samples !!!
ForceSamplePos: WARNING: !!! truncated channel 5 from 33802 to 33728 samples !!!
ForceSamplePos: WARNING: !!! truncated channel 5 from 4042 to 3968 samples !!!
Focus regained, resuming play...
ForceSamplePos: WARNING: !!! truncated channel 5 from 35786 to 35712 samples !!!
ForceSamplePos: WARNING: !!! truncated channel 5 from 43722 to 43648 samples !!!
ForceSamplePos: WARNING: !!! truncated channel 5 from 6026 to 5952 samples !!!
ForceSamplePos: WARNING: !!! truncated channel 5 from 13962 to 13888 samples !!!
ForceSamplePos: WARNING: !!! truncated channel 5 from 21898 to 21824 samples !!!
ForceSamplePos: WARNING: !!! truncated channel 5 from 29834 to 29760 samples !!!
Setting pause: type 8 param 0
Setting pause: type 0 param 0
Setting tick function to type 6 param 0
 >> music(0)
 >> Entering stage 72: 'u'.
load_map: level size 21x16
load_map: 'data/Stage/Kings.pxm' loaded OK! - 21x16
load_pxa: reading in data/Stage/White.pxa
load_entities: reading in data/Stage/Kings.pxe
StageBossManager::SetType(0)
-- Starting on-entry script 100
Setting tick function to type 7 param 0
niku_load: couldn't open file '/home/hyper/.local/share/cavestory-nx/nxengine/290.rec'
 >> music(24)
data/org/curly.org: Org-02 detected
= Title screen =
StageBossManager::SetType(0)
Loading profile from /home/hyper/.local/share/cavestory-nx/nxengine/profile.dat...
Loading profile from /home/hyper/.local/share/cavestory-nx/nxengine/profile2.dat...
Loading profile from /home/hyper/.local/share/cavestory-nx/nxengine/profile3.dat...
Loading profile from /home/hyper/.local/share/cavestory-nx/nxengine/profile4.dat...
 error << profile_load: unable to open '/home/hyper/.local/share/cavestory-nx/nxengine/profile4.dat' >>
Loading profile from /home/hyper/.local/share/cavestory-nx/nxengine/profile5.dat...
 error << profile_load: unable to open '/home/hyper/.local/share/cavestory-nx/nxengine/profile5.dat' >>
Writing settings...
 >> music(0)
Setting tick function to type 1 param 0
= Loading game =
game_load: loading savefile 0
Loading profile from /home/hyper/.local/share/cavestory-nx/nxengine/profile.dat...
 - Read Teleporter Slot 0: slotno=1 scriptno=6001
 - Read Teleporter Slot 1: slotno=2 scriptno=6002
 - Read Teleporter Slot 2: slotno=3 scriptno=6003
 - Read Teleporter Slot 3: slotno=4 scriptno=6004
 - Read Teleporter Slot 4: slotno=5 scriptno=6005
 >> Entering stage 79: 'Prefab House'.
load_map: level size 21x16
load_map: 'data/Stage/Prefa2.pxm' loaded OK! - 21x16
load_pxa: reading in data/Stage/Pens.pxa
load_entities: reading in data/Stage/Prefa2.pxe
StageBossManager::SetType(0)
On-touch script 110 triggered
******* Executing <TRA to stage 80
 >> Entering stage 80: 'Sacred Ground - B1'.
load_map: level size 21x100
load_map: 'data/Stage/Hell1.pxm' loaded OK! - 21x100
load_pxa: reading in data/Stage/Hell.pxa
load_entities: reading in data/Stage/Hell1.pxe
 -- Appearing object 00 (OBJ_QUAKE(292)) because flag 1341 is set
 -- Appearing object 500 (OBJ_CURLY(117)) because flag 1531 is set
StageBossManager::SetType(0)
-- Starting on-entry script 93
 >> music(36)
data/org/hell.org: Org-02 detected
FindObjectByID2: ID2 0430 found: type OBJ_SCROLL_CONTROLLER(302); coords: (48, 656)
ForceSamplePos: WARNING: !!! truncated channel 5 from 2058 to 1984 samples !!!
ForceSamplePos: WARNING: !!! truncated channel 5 from 9994 to 9920 samples !!!
ForceSamplePos: WARNING: !!! truncated channel 5 from 17930 to 17856 samples !!!
ForceSamplePos: WARNING: !!! truncated channel 5 from 25866 to 25792 samples !!!
ForceSamplePos: WARNING: !!! truncated channel 5 from 33802 to 33728 samples !!!
ForceSamplePos: WARNING: !!! truncated channel 5 from 41738 to 41664 samples !!!
ForceSamplePos: WARNING: !!! truncated channel 5 from 11978 to 11904 samples !!!
ForceSamplePos: WARNING: !!! truncated channel 5 from 37770 to 37696 samples !!!
ForceSamplePos: WARNING: !!! truncated channel 5 from 8010 to 7936 samples !!!
ForceSamplePos: WARNING: !!! truncated channel 5 from 15946 to 15872 samples !!!
ForceSamplePos: WARNING: !!! truncated channel 5 from 23882 to 23808 samples !!!
ForceSamplePos: WARNING: !!! truncated channel 5 from 31818 to 31744 samples !!!
ForceSamplePos: WARNING: !!! truncated channel 5 from 2058 to 1984 samples !!!
ForceSamplePos: WARNING: !!! truncated channel 5 from 27850 to 27776 samples !!!
ForceSamplePos: WARNING: !!! truncated channel 5 from 35786 to 35712 samples !!!
ForceSamplePos: WARNING: !!! truncated channel 5 from 43722 to 43648 samples !!!
ForceSamplePos: WARNING: !!! truncated channel 5 from 6026 to 5952 samples !!!
Setting pause: type 8 param 0
Setting pause: type 0 param 0
Setting tick function to type 6 param 0
 >> music(0)
 >> Entering stage 72: 'u'.
load_map: level size 21x16
load_map: 'data/Stage/Kings.pxm' loaded OK! - 21x16
load_pxa: reading in data/Stage/White.pxa
load_entities: reading in data/Stage/Kings.pxe
StageBossManager::SetType(0)
-- Starting on-entry script 100
Setting tick function to type 7 param 0
niku_load: couldn't open file '/home/hyper/.local/share/cavestory-nx/nxengine/290.rec'
 >> music(24)
data/org/curly.org: Org-02 detected
= Title screen =
StageBossManager::SetType(0)
Loading profile from /home/hyper/.local/share/cavestory-nx/nxengine/profile.dat...
Loading profile from /home/hyper/.local/share/cavestory-nx/nxengine/profile2.dat...
Loading profile from /home/hyper/.local/share/cavestory-nx/nxengine/profile3.dat...
Loading profile from /home/hyper/.local/share/cavestory-nx/nxengine/profile4.dat...
 error << profile_load: unable to open '/home/hyper/.local/share/cavestory-nx/nxengine/profile4.dat' >>
Loading profile from /home/hyper/.local/share/cavestory-nx/nxengine/profile5.dat...
 error << profile_load: unable to open '/home/hyper/.local/share/cavestory-nx/nxengine/profile5.dat' >>
Writing settings...
 >> music(0)
Setting tick function to type 1 param 0
= Loading game =
game_load: loading savefile 0
Loading profile from /home/hyper/.local/share/cavestory-nx/nxengine/profile.dat...
 - Read Teleporter Slot 0: slotno=1 scriptno=6001
 - Read Teleporter Slot 1: slotno=2 scriptno=6002
 - Read Teleporter Slot 2: slotno=3 scriptno=6003
 - Read Teleporter Slot 3: slotno=4 scriptno=6004
 - Read Teleporter Slot 4: slotno=5 scriptno=6005
 >> Entering stage 79: 'Prefab House'.
load_map: level size 21x16
load_map: 'data/Stage/Prefa2.pxm' loaded OK! - 21x16
load_pxa: reading in data/Stage/Pens.pxa
load_entities: reading in data/Stage/Prefa2.pxe
StageBossManager::SetType(0)
On-touch script 110 triggered
******* Executing <TRA to stage 80
 >> Entering stage 80: 'Sacred Ground - B1'.
load_map: level size 21x100
load_map: 'data/Stage/Hell1.pxm' loaded OK! - 21x100
load_pxa: reading in data/Stage/Hell.pxa
load_entities: reading in data/Stage/Hell1.pxe
 -- Appearing object 00 (OBJ_QUAKE(292)) because flag 1341 is set
 -- Appearing object 500 (OBJ_CURLY(117)) because flag 1531 is set
StageBossManager::SetType(0)
-- Starting on-entry script 93
 >> music(36)
data/org/hell.org: Org-02 detected
ForceSamplePos: WARNING: !!! truncated channel 5 from 2058 to 1984 samples !!!
ForceSamplePos: WARNING: !!! truncated channel 5 from 9994 to 9920 samples !!!
ForceSamplePos: WARNING: !!! truncated channel 5 from 17930 to 17856 samples !!!
ForceSamplePos: WARNING: !!! truncated channel 5 from 25866 to 25792 samples !!!
ForceSamplePos: WARNING: !!! truncated channel 5 from 33802 to 33728 samples !!!
ForceSamplePos: WARNING: !!! truncated channel 5 from 41738 to 41664 samples !!!
FindObjectByID2: ID2 0430 found: type OBJ_SCROLL_CONTROLLER(302); coords: (48, 656)
ForceSamplePos: WARNING: !!! truncated channel 5 from 11978 to 11904 samples !!!
ForceSamplePos: WARNING: !!! truncated channel 5 from 37770 to 37696 samples !!!
ForceSamplePos: WARNING: !!! truncated channel 5 from 8010 to 7936 samples !!!
ForceSamplePos: WARNING: !!! truncated channel 5 from 15946 to 15872 samples !!!
ForceSamplePos: WARNING: !!! truncated channel 5 from 23882 to 23808 samples !!!
ForceSamplePos: WARNING: !!! truncated channel 5 from 31818 to 31744 samples !!!
ForceSamplePos: WARNING: !!! truncated channel 5 from 2058 to 1984 samples !!!
ForceSamplePos: WARNING: !!! truncated channel 5 from 27850 to 27776 samples !!!
ForceSamplePos: WARNING: !!! truncated channel 5 from 35786 to 35712 samples !!!
ForceSamplePos: WARNING: !!! truncated channel 5 from 43722 to 43648 samples !!!
ForceSamplePos: WARNING: !!! truncated channel 5 from 6026 to 5952 samples !!!
ForceSamplePos: WARNING: !!! truncated channel 5 from 17930 to 17856 samples !!!
ForceSamplePos: WARNING: !!! truncated channel 5 from 25866 to 25792 samples !!!
ForceSamplePos: WARNING: !!! truncated channel 5 from 33802 to 33728 samples !!!
ForceSamplePos: WARNING: !!! truncated channel 5 from 41738 to 41664 samples !!!
ForceSamplePos: WARNING: !!! truncated channel 5 from 8010 to 7936 samples !!!
ForceSamplePos: WARNING: !!! truncated channel 5 from 15946 to 15872 samples !!!
ForceSamplePos: WARNING: !!! truncated channel 5 from 23882 to 23808 samples !!!
ForceSamplePos: WARNING: !!! truncated channel 5 from 31818 to 31744 samples !!!
ForceSamplePos: WARNING: !!! truncated channel 5 from 39754 to 39680 samples !!!
ForceSamplePos: WARNING: !!! truncated channel 5 from 2058 to 1984 samples !!!
ForceSamplePos: WARNING: !!! truncated channel 5 from 17930 to 17856 samples !!!
ForceSamplePos: WARNING: !!! truncated channel 5 from 43722 to 43648 samples !!!
ForceSamplePos: WARNING: !!! truncated channel 5 from 6026 to 5952 samples !!!
ForceSamplePos: WARNING: !!! truncated channel 5 from 13962 to 13888 samples !!!
ForceSamplePos: WARNING: !!! truncated channel 5 from 21898 to 21824 samples !!!
ForceSamplePos: WARNING: !!! truncated channel 5 from 29834 to 29760 samples !!!
ForceSamplePos: WARNING: !!! truncated channel 5 from 37770 to 37696 samples !!!
ForceSamplePos: WARNING: !!! truncated channel 5 from 8010 to 7936 samples !!!
******* Executing <TRA to stage 81
 >> Entering stage 81: 'Sacred Ground - B2'.
load_map: level size 160x16
load_map: 'data/Stage/Hell2.pxm' loaded OK! - 160x16
load_pxa: reading in data/Stage/Hell.pxa
load_entities: reading in data/Stage/Hell2.pxe
 -- Appearing object 00 (OBJ_QUAKE(292)) because flag 1341 is set
 -- Appearing object 00 (OBJ_FALLING_BLOCK_SPAWNER(294)) because flag 1341 is set
 -- Appearing object 00 (OBJ_BUTE_FLYING(309)) because flag 1534 is set
 -- Appearing object 00 (OBJ_BUTE_FLYING(309)) because flag 1534 is set
 -- Appearing object 00 (OBJ_BUTE_FLYING(309)) because flag 1534 is set
 -- Appearing object 00 (OBJ_BUTE_FLYING(309)) because flag 1534 is set
 -- Appearing object 00 (OBJ_BUTE_FLYING(309)) because flag 1534 is set
 -- Appearing object 00 (OBJ_BUTE_FLYING(309)) because flag 1534 is set
 -- Appearing object 00 (OBJ_BUTE_FLYING(309)) because flag 1534 is set
 -- Appearing object 00 (OBJ_BUTE_FLYING(309)) because flag 1534 is set
 -- Appearing object 00 (OBJ_BUTE_FLYING(309)) because flag 1534 is set
 -- Appearing object 00 (OBJ_BUTE_FLYING(309)) because flag 1534 is set
 -- Appearing object 00 (OBJ_BUTE_FLYING(309)) because flag 1534 is set
 -- Appearing object 00 (OBJ_BUTE_FLYING(309)) because flag 1534 is set
 -- Appearing object 00 (OBJ_BUTE_FLYING(309)) because flag 1534 is set
 -- Appearing object 00 (OBJ_BUTE_FLYING(309)) because flag 1534 is set
 -- Appearing object 00 (OBJ_BUTE_FLYING(309)) because flag 1534 is set
 -- Appearing object 00 (OBJ_BUTE_FLYING(309)) because flag 1534 is set
 -- Appearing object 00 (OBJ_BUTE_FLYING(309)) because flag 1534 is set
 -- Appearing object 00 (OBJ_BUTE_FLYING(309)) because flag 1534 is set
 -- Appearing object 00 (OBJ_BUTE_FLYING(309)) because flag 1534 is set
 -- Appearing object 00 (OBJ_BUTE_FLYING(309)) because flag 1534 is set
 -- Appearing object 00 (OBJ_BUTE_FLYING(309)) because flag 1534 is set
 -- Appearing object 00 (OBJ_BUTE_FLYING(309)) because flag 1534 is set
 -- Appearing object 00 (OBJ_BUTE_FLYING(309)) because flag 1534 is set
 -- Appearing object 00 (OBJ_BUTE_FLYING(309)) because flag 1534 is set
 -- Appearing object 00 (OBJ_BUTE_FLYING(309)) because flag 1534 is set
 -- Appearing object 00 (OBJ_BUTE_FLYING(309)) because flag 1534 is set
 -- Appearing object 00 (OBJ_BUTE_FLYING(309)) because flag 1534 is set
 -- Appearing object 00 (OBJ_BUTE_FLYING(309)) because flag 1534 is set
 -- Appearing object 00 (OBJ_CURLY_CARRIED(259)) because flag 1532 is set
StageBossManager::SetType(0)
-- Starting on-entry script 92
ForceSamplePos: WARNING: !!! truncated channel 5 from 39754 to 39680 samples !!!
ForceSamplePos: WARNING: !!! truncated channel 5 from 2058 to 1984 samples !!!
ForceSamplePos: WARNING: !!! truncated channel 5 from 9994 to 9920 samples !!!
ForceSamplePos: WARNING: !!! truncated channel 5 from 17930 to 17856 samples !!!
ForceSamplePos: WARNING: !!! truncated channel 5 from 25866 to 25792 samples !!!
ForceSamplePos: WARNING: !!! truncated channel 5 from 33802 to 33728 samples !!!
ForceSamplePos: WARNING: !!! truncated channel 5 from 4042 to 3968 samples !!!
ForceSamplePos: WARNING: !!! truncated channel 5 from 29834 to 29760 samples !!!
ForceSamplePos: WARNING: !!! truncated channel 5 from 37770 to 37696 samples !!!
ForceSamplePos: WARNING: !!! truncated channel 5 from 8010 to 7936 samples !!!
ForceSamplePos: WARNING: !!! truncated channel 5 from 15946 to 15872 samples !!!
ForceSamplePos: WARNING: !!! truncated channel 5 from 23882 to 23808 samples !!!
ForceSamplePos: WARNING: !!! truncated channel 5 from 39754 to 39680 samples !!!
ForceSamplePos: WARNING: !!! truncated channel 5 from 19914 to 19840 samples !!!
ForceSamplePos: WARNING: !!! truncated channel 5 from 27850 to 27776 samples !!!
ForceSamplePos: WARNING: !!! truncated channel 5 from 35786 to 35712 samples !!!
ForceSamplePos: WARNING: !!! truncated channel 5 from 43722 to 43648 samples !!!
ForceSamplePos: WARNING: !!! truncated channel 5 from 9994 to 9920 samples !!!
ForceSamplePos: WARNING: !!! truncated channel 5 from 17930 to 17856 samples !!!
ForceSamplePos: WARNING: !!! truncated channel 5 from 25866 to 25792 samples !!!
ForceSamplePos: WARNING: !!! truncated channel 5 from 33802 to 33728 samples !!!
ForceSamplePos: WARNING: !!! truncated channel 5 from 8010 to 7936 samples !!!
ForceSamplePos: WARNING: !!! truncated channel 5 from 15946 to 15872 samples !!!
ForceSamplePos: WARNING: !!! truncated channel 5 from 23882 to 23808 samples !!!
ForceSamplePos: WARNING: !!! truncated channel 5 from 31818 to 31744 samples !!!
ForceSamplePos: WARNING: !!! truncated channel 5 from 39754 to 39680 samples !!!
ForceSamplePos: WARNING: !!! truncated channel 5 from 9994 to 9920 samples !!!
ForceSamplePos: WARNING: !!! truncated channel 5 from 35786 to 35712 samples !!!
ForceSamplePos: WARNING: !!! truncated channel 5 from 43722 to 43648 samples !!!
ForceSamplePos: WARNING: !!! truncated channel 5 from 6026 to 5952 samples !!!
ForceSamplePos: WARNING: !!! truncated channel 5 from 13962 to 13888 samples !!!
ForceSamplePos: WARNING: !!! truncated channel 5 from 21898 to 21824 samples !!!
ForceSamplePos: WARNING: !!! truncated channel 5 from 29834 to 29760 samples !!!
ForceSamplePos: WARNING: !!! truncated channel 5 from 31818 to 31744 samples !!!
ForceSamplePos: WARNING: !!! truncated channel 5 from 39754 to 39680 samples !!!
ForceSamplePos: WARNING: !!! truncated channel 5 from 2058 to 1984 samples !!!
ForceSamplePos: WARNING: !!! truncated channel 5 from 9994 to 9920 samples !!!
ForceSamplePos: WARNING: !!! truncated channel 5 from 17930 to 17856 samples !!!
ForceSamplePos: WARNING: !!! truncated channel 5 from 25866 to 25792 samples !!!
ForceSamplePos: WARNING: !!! truncated channel 5 from 41738 to 41664 samples !!!
ForceSamplePos: WARNING: !!! truncated channel 5 from 21898 to 21824 samples !!!
ForceSamplePos: WARNING: !!! truncated channel 5 from 29834 to 29760 samples !!!
ForceSamplePos: WARNING: !!! truncated channel 5 from 37770 to 37696 samples !!!
ForceSamplePos: WARNING: !!! truncated channel 5 from 8010 to 7936 samples !!!
ForceSamplePos: WARNING: !!! truncated channel 5 from 15946 to 15872 samples !!!
ForceSamplePos: WARNING: !!! truncated channel 5 from 31818 to 31744 samples !!!
******* Executing <TRA to stage 82
 >> Entering stage 82: 'Sacred Ground - B3'.
load_map: level size 160x16
load_map: 'data/Stage/Hell3.pxm' loaded OK! - 160x16
load_pxa: reading in data/Stage/Hell.pxa
load_entities: reading in data/Stage/Hell3.pxe
onspawn_spike_small: spike 412105c0 embedded in wall, deleting
onspawn_spike_small: spike 40ee0e30 embedded in wall, deleting
 -- Appearing object 01 (OBJ_HEART(87)) because flag 1534 is set
 -- Appearing object 01 (OBJ_HEART(87)) because flag 1534 is set
 -- Appearing object 01 (OBJ_HEART(87)) because flag 1534 is set
 -- Appearing object 01 (OBJ_HEART(87)) because flag 1534 is set
 -- Appearing object 01 (OBJ_HEART(87)) because flag 1534 is set
 -- Appearing object 01 (OBJ_HEART(87)) because flag 1534 is set
 -- Appearing object 00 (OBJ_HEART(87)) because flag 1534 is set
 -- Appearing object 00 (OBJ_HEART(87)) because flag 1534 is set
 -- Appearing object 00 (OBJ_HEART(87)) because flag 1534 is set
 -- Appearing object 00 (OBJ_HEART(87)) because flag 1534 is set
 -- Appearing object 00 (OBJ_HEART(87)) because flag 1534 is set
 -- Appearing object 00 (OBJ_HEART(87)) because flag 1534 is set
 -- Appearing object 00 ([Type 0]) because flag 1534 is set
 -- Appearing object 00 (OBJ_HEART(87)) because flag 1534 is set
 -- Appearing object 00 (OBJ_HEART(87)) because flag 1534 is set
 -- Appearing object 00 (OBJ_BUTE_ARCHER(311)) because flag 1534 is set
 -- Appearing object 00 (OBJ_BUTE_ARCHER(311)) because flag 1534 is set
 -- Appearing object 00 (OBJ_MESA(317)) because flag 1534 is set
 -- Appearing object 00 (OBJ_BUTE_ARCHER(311)) because flag 1534 is set
 -- Appearing object 00 (OBJ_MESA(317)) because flag 1534 is set
 -- Appearing object 00 (OBJ_BUTE_ARCHER(311)) because flag 1534 is set
 -- Appearing object 00 (OBJ_BUTE_ARCHER(311)) because flag 1534 is set
 -- Appearing object 00 (OBJ_BUTE_ARCHER(311)) because flag 1534 is set
 -- Appearing object 00 (OBJ_BUTE_ARCHER(311)) because flag 1534 is set
 -- Appearing object 00 (OBJ_BUTE_ARCHER(311)) because flag 1534 is set
 -- Appearing object 00 (OBJ_BUTE_ARCHER(311)) because flag 1534 is set
 -- Appearing object 00 (OBJ_BUTE_ARCHER(311)) because flag 1534 is set
 -- Appearing object 00 (OBJ_MESA(317)) because flag 1534 is set
 -- Appearing object 00 (OBJ_MESA(317)) because flag 1534 is set
 -- Appearing object 00 (OBJ_MESA(317)) because flag 1534 is set
 -- Appearing object 00 (OBJ_BUTE_ARCHER(311)) because flag 1534 is set
 -- Appearing object 00 (OBJ_BUTE_ARCHER(311)) because flag 1534 is set
 -- Appearing object 00 (OBJ_BUTE_ARCHER(311)) because flag 1534 is set
 -- Appearing object 00 (OBJ_BUTE_ARCHER(311)) because flag 1534 is set
 -- Appearing object 00 (OBJ_BUTE_ARCHER(311)) because flag 1534 is set
 -- Appearing object 00 (OBJ_BUTE_ARCHER(311)) because flag 1534 is set
 -- Appearing object 00 (OBJ_BUTE_ARCHER(311)) because flag 1534 is set
 -- Appearing object 00 (OBJ_BUTE_ARCHER(311)) because flag 1534 is set
 -- Appearing object 00 (OBJ_BUTE_ARCHER(311)) because flag 1534 is set
 -- Appearing object 00 (OBJ_MESA(317)) because flag 1534 is set
 -- Appearing object 00 (OBJ_MESA(317)) because flag 1534 is set
 -- Appearing object 00 (OBJ_BUTE_SWORD(310)) because flag 1534 is set
 -- Appearing object 00 (OBJ_BUTE_SWORD(310)) because flag 1534 is set
 -- Appearing object 00 (OBJ_BUTE_ARCHER(311)) because flag 1534 is set
 -- Appearing object 00 (OBJ_PROXIMITY_PRESS_VERT(246)) because flag 1534 is set
 -- Appearing object 00 (OBJ_PROXIMITY_PRESS_VERT(246)) because flag 1534 is set
 -- Appearing object 00 (OBJ_PROXIMITY_PRESS_VERT(246)) because flag 1534 is set
 -- Appearing object 00 (OBJ_BUTE_SWORD(310)) because flag 1534 is set
 -- Appearing object 00 (OBJ_BUTE_SWORD(310)) because flag 1534 is set
 -- Appearing object 00 (OBJ_BUTE_SWORD(310)) because flag 1534 is set
 -- Appearing object 00 (OBJ_BUTE_SWORD(310)) because flag 1534 is set
 -- Appearing object 00 (OBJ_BUTE_SWORD(310)) because flag 1534 is set
 -- Appearing object 00 (OBJ_BUTE_SWORD(310)) because flag 1534 is set
 -- Appearing object 00 (OBJ_BUTE_SWORD(310)) because flag 1534 is set
 -- Appearing object 00 (OBJ_BUTE_SWORD(310)) because flag 1534 is set
 -- Appearing object 245 (OBJ_HVTRIGGER(46)) because flag 1534 is set
 -- Appearing object 243 (OBJ_HVTRIGGER(46)) because flag 1534 is set
 -- Appearing object 241 (OBJ_HVTRIGGER(46)) because flag 1534 is set
 -- Appearing object 00 (OBJ_QUAKE(292)) because flag 1341 is set
 -- Appearing object 300 (OBJ_HVTRIGGER(46)) because flag 1550 is set
 -- Appearing object 201 (OBJ_HVTRIGGER(46)) because flag 1550 is set
 -- Appearing object 00 (OBJ_BUTE_ARCHER(311)) because flag 1534 is set
 -- Appearing object 00 (OBJ_BUTE_ARCHER(311)) because flag 1534 is set
 -- Appearing object 00 (OBJ_BUTE_FLYING(309)) because flag 1534 is set
 -- Appearing object 00 (OBJ_BUTE_FLYING(309)) because flag 1534 is set
 -- Appearing object 00 (OBJ_BUTE_FLYING(309)) because flag 1534 is set
 -- Appearing object 00 (OBJ_BUTE_FLYING(309)) because flag 1534 is set
 -- Appearing object 00 (OBJ_BUTE_FLYING(309)) because flag 1534 is set
 -- Appearing object 00 (OBJ_BUTE_FLYING(309)) because flag 1534 is set
 -- Appearing object 257 (OBJ_HVTRIGGER(46)) because flag 1534 is set
 -- Appearing object 253 (OBJ_HVTRIGGER(46)) because flag 1534 is set
 -- Appearing object 255 (OBJ_HVTRIGGER(46)) because flag 1534 is set
 -- Appearing object 251 (OBJ_HVTRIGGER(46)) because flag 1534 is set
 -- Appearing object 290 (OBJ_HVTRIGGER(46)) because flag 1534 is set
 -- Appearing object 291 (OBJ_HVTRIGGER(46)) because flag 1534 is set
 -- Appearing object 200 (OBJ_CURLY_CARRIED(259)) because flag 1532 is set
StageBossManager::SetType(8)
-- Starting on-entry script 95
ForceSamplePos: WARNING: !!! truncated channel 5 from 11978 to 11904 samples !!!
ForceSamplePos: WARNING: !!! truncated channel 5 from 19914 to 19840 samples !!!
ForceSamplePos: WARNING: !!! truncated channel 5 from 27850 to 27776 samples !!!
ForceSamplePos: WARNING: !!! truncated channel 5 from 35786 to 35712 samples !!!
Game minimized or lost focus--pausing...
ForceSamplePos: WARNING: !!! truncated channel 5 from 2058 to 1984 samples !!!
ForceSamplePos: WARNING: !!! truncated channel 5 from 9994 to 9920 samples !!!
ForceSamplePos: WARNING: !!! truncated channel 5 from 17930 to 17856 samples !!!
ForceSamplePos: WARNING: !!! truncated channel 5 from 25866 to 25792 samples !!!
ForceSamplePos: WARNING: !!! truncated channel 5 from 37770 to 37696 samples !!!
ForceSamplePos: WARNING: !!! truncated channel 5 from 8010 to 7936 samples !!!
ForceSamplePos: WARNING: !!! truncated channel 5 from 15946 to 15872 samples !!!
ForceSamplePos: WARNING: !!! truncated channel 5 from 23882 to 23808 samples !!!
ForceSamplePos: WARNING: !!! truncated channel 5 from 31818 to 31744 samples !!!
ForceSamplePos: WARNING: !!! truncated channel 5 from 2058 to 1984 samples !!!
Focus regained, resuming play...
ForceSamplePos: WARNING: !!! truncated channel 5 from 27850 to 27776 samples !!!
ForceSamplePos: WARNING: !!! truncated channel 5 from 35786 to 35712 samples !!!
ForceSamplePos: WARNING: !!! truncated channel 5 from 43722 to 43648 samples !!!
Game minimized or lost focus--pausing...
ForceSamplePos: WARNING: !!! truncated channel 5 from 6026 to 5952 samples !!!
ForceSamplePos: WARNING: !!! truncated channel 5 from 13962 to 13888 samples !!!
ForceSamplePos: WARNING: !!! truncated channel 5 from 21898 to 21824 samples !!!
ForceSamplePos: WARNING: !!! truncated channel 5 from 37770 to 37696 samples !!!
Focus regained, resuming play...
Setting pause: type 8 param 0
Setting pause: type 0 param 0
Setting tick function to type 6 param 0
 >> music(0)
 >> Entering stage 72: 'u'.
load_map: level size 21x16
load_map: 'data/Stage/Kings.pxm' loaded OK! - 21x16
load_pxa: reading in data/Stage/White.pxa
load_entities: reading in data/Stage/Kings.pxe
StageBossManager::SetType(0)
-- Starting on-entry script 100
Game minimized or lost focus--pausing...
Focus regained, resuming play...
Game minimized or lost focus--pausing...
Focus regained, resuming play...
Setting tick function to type 7 param 0
niku_load: couldn't open file '/home/hyper/.local/share/cavestory-nx/nxengine/290.rec'
 >> music(24)
data/org/curly.org: Org-02 detected
= Title screen =
StageBossManager::SetType(0)
Loading profile from /home/hyper/.local/share/cavestory-nx/nxengine/profile.dat...
Loading profile from /home/hyper/.local/share/cavestory-nx/nxengine/profile2.dat...
Loading profile from /home/hyper/.local/share/cavestory-nx/nxengine/profile3.dat...
Loading profile from /home/hyper/.local/share/cavestory-nx/nxengine/profile4.dat...
 error << profile_load: unable to open '/home/hyper/.local/share/cavestory-nx/nxengine/profile4.dat' >>
Loading profile from /home/hyper/.local/share/cavestory-nx/nxengine/profile5.dat...
 error << profile_load: unable to open '/home/hyper/.local/share/cavestory-nx/nxengine/profile5.dat' >>
Writing settings...
 >> music(0)
Setting tick function to type 1 param 0
= Loading game =
game_load: loading savefile 0
Loading profile from /home/hyper/.local/share/cavestory-nx/nxengine/profile.dat...
 - Read Teleporter Slot 0: slotno=1 scriptno=6001
 - Read Teleporter Slot 1: slotno=2 scriptno=6002
 - Read Teleporter Slot 2: slotno=3 scriptno=6003
 - Read Teleporter Slot 3: slotno=4 scriptno=6004
 - Read Teleporter Slot 4: slotno=5 scriptno=6005
 >> Entering stage 79: 'Prefab House'.
load_map: level size 21x16
load_map: 'data/Stage/Prefa2.pxm' loaded OK! - 21x16
load_pxa: reading in data/Stage/Pens.pxa
load_entities: reading in data/Stage/Prefa2.pxe
StageBossManager::SetType(0)
On-touch script 110 triggered
******* Executing <TRA to stage 80
 >> Entering stage 80: 'Sacred Ground - B1'.
load_map: level size 21x100
load_map: 'data/Stage/Hell1.pxm' loaded OK! - 21x100
load_pxa: reading in data/Stage/Hell.pxa
load_entities: reading in data/Stage/Hell1.pxe
 -- Appearing object 00 (OBJ_QUAKE(292)) because flag 1341 is set
 -- Appearing object 500 (OBJ_CURLY(117)) because flag 1531 is set
StageBossManager::SetType(0)
-- Starting on-entry script 93
 >> music(36)
data/org/hell.org: Org-02 detected
ForceSamplePos: WARNING: !!! truncated channel 5 from 2058 to 1984 samples !!!
ForceSamplePos: WARNING: !!! truncated channel 5 from 9994 to 9920 samples !!!
ForceSamplePos: WARNING: !!! truncated channel 5 from 17930 to 17856 samples !!!
ForceSamplePos: WARNING: !!! truncated channel 5 from 25866 to 25792 samples !!!
ForceSamplePos: WARNING: !!! truncated channel 5 from 33802 to 33728 samples !!!
ForceSamplePos: WARNING: !!! truncated channel 5 from 41738 to 41664 samples !!!
ForceSamplePos: WARNING: !!! truncated channel 5 from 11978 to 11904 samples !!!
FindObjectByID2: ID2 0430 found: type OBJ_SCROLL_CONTROLLER(302); coords: (48, 656)
ForceSamplePos: WARNING: !!! truncated channel 5 from 37770 to 37696 samples !!!
ForceSamplePos: WARNING: !!! truncated channel 5 from 8010 to 7936 samples !!!
ForceSamplePos: WARNING: !!! truncated channel 5 from 15946 to 15872 samples !!!
ForceSamplePos: WARNING: !!! truncated channel 5 from 23882 to 23808 samples !!!
ForceSamplePos: WARNING: !!! truncated channel 5 from 31818 to 31744 samples !!!
ForceSamplePos: WARNING: !!! truncated channel 5 from 2058 to 1984 samples !!!
ForceSamplePos: WARNING: !!! truncated channel 5 from 27850 to 27776 samples !!!
ForceSamplePos: WARNING: !!! truncated channel 5 from 35786 to 35712 samples !!!
ForceSamplePos: WARNING: !!! truncated channel 5 from 43722 to 43648 samples !!!
ForceSamplePos: WARNING: !!! truncated channel 5 from 6026 to 5952 samples !!!
ForceSamplePos: WARNING: !!! truncated channel 5 from 17930 to 17856 samples !!!
ForceSamplePos: WARNING: !!! truncated channel 5 from 25866 to 25792 samples !!!
ForceSamplePos: WARNING: !!! truncated channel 5 from 33802 to 33728 samples !!!
ForceSamplePos: WARNING: !!! truncated channel 5 from 41738 to 41664 samples !!!
******* Executing <TRA to stage 81
 >> Entering stage 81: 'Sacred Ground - B2'.
load_map: level size 160x16
load_map: 'data/Stage/Hell2.pxm' loaded OK! - 160x16
load_pxa: reading in data/Stage/Hell.pxa
load_entities: reading in data/Stage/Hell2.pxe
 -- Appearing object 00 (OBJ_QUAKE(292)) because flag 1341 is set
 -- Appearing object 00 (OBJ_FALLING_BLOCK_SPAWNER(294)) because flag 1341 is set
 -- Appearing object 00 (OBJ_BUTE_FLYING(309)) because flag 1534 is set
 -- Appearing object 00 (OBJ_BUTE_FLYING(309)) because flag 1534 is set
 -- Appearing object 00 (OBJ_BUTE_FLYING(309)) because flag 1534 is set
 -- Appearing object 00 (OBJ_BUTE_FLYING(309)) because flag 1534 is set
 -- Appearing object 00 (OBJ_BUTE_FLYING(309)) because flag 1534 is set
 -- Appearing object 00 (OBJ_BUTE_FLYING(309)) because flag 1534 is set
 -- Appearing object 00 (OBJ_BUTE_FLYING(309)) because flag 1534 is set
 -- Appearing object 00 (OBJ_BUTE_FLYING(309)) because flag 1534 is set
 -- Appearing object 00 (OBJ_BUTE_FLYING(309)) because flag 1534 is set
 -- Appearing object 00 (OBJ_BUTE_FLYING(309)) because flag 1534 is set
 -- Appearing object 00 (OBJ_BUTE_FLYING(309)) because flag 1534 is set
 -- Appearing object 00 (OBJ_BUTE_FLYING(309)) because flag 1534 is set
 -- Appearing object 00 (OBJ_BUTE_FLYING(309)) because flag 1534 is set
 -- Appearing object 00 (OBJ_BUTE_FLYING(309)) because flag 1534 is set
 -- Appearing object 00 (OBJ_BUTE_FLYING(309)) because flag 1534 is set
 -- Appearing object 00 (OBJ_BUTE_FLYING(309)) because flag 1534 is set
 -- Appearing object 00 (OBJ_BUTE_FLYING(309)) because flag 1534 is set
 -- Appearing object 00 (OBJ_BUTE_FLYING(309)) because flag 1534 is set
 -- Appearing object 00 (OBJ_BUTE_FLYING(309)) because flag 1534 is set
 -- Appearing object 00 (OBJ_BUTE_FLYING(309)) because flag 1534 is set
 -- Appearing object 00 (OBJ_BUTE_FLYING(309)) because flag 1534 is set
 -- Appearing object 00 (OBJ_BUTE_FLYING(309)) because flag 1534 is set
 -- Appearing object 00 (OBJ_BUTE_FLYING(309)) because flag 1534 is set
 -- Appearing object 00 (OBJ_BUTE_FLYING(309)) because flag 1534 is set
 -- Appearing object 00 (OBJ_BUTE_FLYING(309)) because flag 1534 is set
 -- Appearing object 00 (OBJ_BUTE_FLYING(309)) because flag 1534 is set
 -- Appearing object 00 (OBJ_BUTE_FLYING(309)) because flag 1534 is set
 -- Appearing object 00 (OBJ_BUTE_FLYING(309)) because flag 1534 is set
 -- Appearing object 00 (OBJ_CURLY_CARRIED(259)) because flag 1532 is set
StageBossManager::SetType(0)
-- Starting on-entry script 92
ForceSamplePos: WARNING: !!! truncated channel 5 from 8010 to 7936 samples !!!
ForceSamplePos: WARNING: !!! truncated channel 5 from 15946 to 15872 samples !!!
ForceSamplePos: WARNING: !!! truncated channel 5 from 23882 to 23808 samples !!!
ForceSamplePos: WARNING: !!! truncated channel 5 from 31818 to 31744 samples !!!
ForceSamplePos: WARNING: !!! truncated channel 5 from 39754 to 39680 samples !!!
ForceSamplePos: WARNING: !!! truncated channel 5 from 2058 to 1984 samples !!!
ForceSamplePos: WARNING: !!! truncated channel 5 from 17930 to 17856 samples !!!
ForceSamplePos: WARNING: !!! truncated channel 5 from 43722 to 43648 samples !!!
ForceSamplePos: WARNING: !!! truncated channel 5 from 6026 to 5952 samples !!!
ForceSamplePos: WARNING: !!! truncated channel 5 from 13962 to 13888 samples !!!
ForceSamplePos: WARNING: !!! truncated channel 5 from 21898 to 21824 samples !!!
ForceSamplePos: WARNING: !!! truncated channel 5 from 29834 to 29760 samples !!!
ForceSamplePos: WARNING: !!! truncated channel 5 from 37770 to 37696 samples !!!
ForceSamplePos: WARNING: !!! truncated channel 5 from 8010 to 7936 samples !!!
ForceSamplePos: WARNING: !!! truncated channel 5 from 39754 to 39680 samples !!!
ForceSamplePos: WARNING: !!! truncated channel 5 from 2058 to 1984 samples !!!
ForceSamplePos: WARNING: !!! truncated channel 5 from 9994 to 9920 samples !!!
ForceSamplePos: WARNING: !!! truncated channel 5 from 17930 to 17856 samples !!!
ForceSamplePos: WARNING: !!! truncated channel 5 from 25866 to 25792 samples !!!
ForceSamplePos: WARNING: !!! truncated channel 5 from 33802 to 33728 samples !!!
ForceSamplePos: WARNING: !!! truncated channel 5 from 4042 to 3968 samples !!!
ForceSamplePos: WARNING: !!! truncated channel 5 from 29834 to 29760 samples !!!
ForceSamplePos: WARNING: !!! truncated channel 5 from 37770 to 37696 samples !!!
ForceSamplePos: WARNING: !!! truncated channel 5 from 8010 to 7936 samples !!!
ForceSamplePos: WARNING: !!! truncated channel 5 from 15946 to 15872 samples !!!
ForceSamplePos: WARNING: !!! truncated channel 5 from 23882 to 23808 samples !!!
ForceSamplePos: WARNING: !!! truncated channel 5 from 39754 to 39680 samples !!!
ForceSamplePos: WARNING: !!! truncated channel 5 from 19914 to 19840 samples !!!
ForceSamplePos: WARNING: !!! truncated channel 5 from 27850 to 27776 samples !!!
ForceSamplePos: WARNING: !!! truncated channel 5 from 35786 to 35712 samples !!!
ForceSamplePos: WARNING: !!! truncated channel 5 from 43722 to 43648 samples !!!
ForceSamplePos: WARNING: !!! truncated channel 5 from 9994 to 9920 samples !!!
ForceSamplePos: WARNING: !!! truncated channel 5 from 17930 to 17856 samples !!!
ForceSamplePos: WARNING: !!! truncated channel 5 from 25866 to 25792 samples !!!
ForceSamplePos: WARNING: !!! truncated channel 5 from 33802 to 33728 samples !!!
ForceSamplePos: WARNING: !!! truncated channel 5 from 8010 to 7936 samples !!!
ForceSamplePos: WARNING: !!! truncated channel 5 from 15946 to 15872 samples !!!
ForceSamplePos: WARNING: !!! truncated channel 5 from 23882 to 23808 samples !!!
ForceSamplePos: WARNING: !!! truncated channel 5 from 31818 to 31744 samples !!!
ForceSamplePos: WARNING: !!! truncated channel 5 from 39754 to 39680 samples !!!
ForceSamplePos: WARNING: !!! truncated channel 5 from 9994 to 9920 samples !!!
ForceSamplePos: WARNING: !!! truncated channel 5 from 35786 to 35712 samples !!!
ForceSamplePos: WARNING: !!! truncated channel 5 from 43722 to 43648 samples !!!
ForceSamplePos: WARNING: !!! truncated channel 5 from 6026 to 5952 samples !!!
ForceSamplePos: WARNING: !!! truncated channel 5 from 13962 to 13888 samples !!!
ForceSamplePos: WARNING: !!! truncated channel 5 from 21898 to 21824 samples !!!
ForceSamplePos: WARNING: !!! truncated channel 5 from 29834 to 29760 samples !!!
ForceSamplePos: WARNING: !!! truncated channel 5 from 31818 to 31744 samples !!!
ForceSamplePos: WARNING: !!! truncated channel 5 from 39754 to 39680 samples !!!
******* Executing <TRA to stage 82
 >> Entering stage 82: 'Sacred Ground - B3'.
load_map: level size 160x16
load_map: 'data/Stage/Hell3.pxm' loaded OK! - 160x16
load_pxa: reading in data/Stage/Hell.pxa
load_entities: reading in data/Stage/Hell3.pxe
onspawn_spike_small: spike 40edeaa0 embedded in wall, deleting
onspawn_spike_small: spike 40ede440 embedded in wall, deleting
 -- Appearing object 01 (OBJ_HEART(87)) because flag 1534 is set
 -- Appearing object 01 (OBJ_HEART(87)) because flag 1534 is set
 -- Appearing object 01 (OBJ_HEART(87)) because flag 1534 is set
 -- Appearing object 01 (OBJ_HEART(87)) because flag 1534 is set
 -- Appearing object 01 (OBJ_HEART(87)) because flag 1534 is set
 -- Appearing object 01 (OBJ_HEART(87)) because flag 1534 is set
 -- Appearing object 00 (OBJ_HEART(87)) because flag 1534 is set
 -- Appearing object 00 (OBJ_HEART(87)) because flag 1534 is set
 -- Appearing object 00 (OBJ_HEART(87)) because flag 1534 is set
 -- Appearing object 00 (OBJ_HEART(87)) because flag 1534 is set
 -- Appearing object 00 (OBJ_HEART(87)) because flag 1534 is set
 -- Appearing object 00 (OBJ_HEART(87)) because flag 1534 is set
 -- Appearing object 00 ([Type 0]) because flag 1534 is set
 -- Appearing object 00 (OBJ_HEART(87)) because flag 1534 is set
 -- Appearing object 00 (OBJ_HEART(87)) because flag 1534 is set
 -- Appearing object 00 (OBJ_BUTE_ARCHER(311)) because flag 1534 is set
 -- Appearing object 00 (OBJ_BUTE_ARCHER(311)) because flag 1534 is set
 -- Appearing object 00 (OBJ_MESA(317)) because flag 1534 is set
 -- Appearing object 00 (OBJ_BUTE_ARCHER(311)) because flag 1534 is set
 -- Appearing object 00 (OBJ_MESA(317)) because flag 1534 is set
 -- Appearing object 00 (OBJ_BUTE_ARCHER(311)) because flag 1534 is set
 -- Appearing object 00 (OBJ_BUTE_ARCHER(311)) because flag 1534 is set
 -- Appearing object 00 (OBJ_BUTE_ARCHER(311)) because flag 1534 is set
 -- Appearing object 00 (OBJ_BUTE_ARCHER(311)) because flag 1534 is set
 -- Appearing object 00 (OBJ_BUTE_ARCHER(311)) because flag 1534 is set
 -- Appearing object 00 (OBJ_BUTE_ARCHER(311)) because flag 1534 is set
 -- Appearing object 00 (OBJ_BUTE_ARCHER(311)) because flag 1534 is set
 -- Appearing object 00 (OBJ_MESA(317)) because flag 1534 is set
 -- Appearing object 00 (OBJ_MESA(317)) because flag 1534 is set
 -- Appearing object 00 (OBJ_MESA(317)) because flag 1534 is set
 -- Appearing object 00 (OBJ_BUTE_ARCHER(311)) because flag 1534 is set
 -- Appearing object 00 (OBJ_BUTE_ARCHER(311)) because flag 1534 is set
 -- Appearing object 00 (OBJ_BUTE_ARCHER(311)) because flag 1534 is set
 -- Appearing object 00 (OBJ_BUTE_ARCHER(311)) because flag 1534 is set
 -- Appearing object 00 (OBJ_BUTE_ARCHER(311)) because flag 1534 is set
 -- Appearing object 00 (OBJ_BUTE_ARCHER(311)) because flag 1534 is set
 -- Appearing object 00 (OBJ_BUTE_ARCHER(311)) because flag 1534 is set
 -- Appearing object 00 (OBJ_BUTE_ARCHER(311)) because flag 1534 is set
 -- Appearing object 00 (OBJ_BUTE_ARCHER(311)) because flag 1534 is set
 -- Appearing object 00 (OBJ_MESA(317)) because flag 1534 is set
 -- Appearing object 00 (OBJ_MESA(317)) because flag 1534 is set
 -- Appearing object 00 (OBJ_BUTE_SWORD(310)) because flag 1534 is set
 -- Appearing object 00 (OBJ_BUTE_SWORD(310)) because flag 1534 is set
 -- Appearing object 00 (OBJ_BUTE_ARCHER(311)) because flag 1534 is set
 -- Appearing object 00 (OBJ_PROXIMITY_PRESS_VERT(246)) because flag 1534 is set
 -- Appearing object 00 (OBJ_PROXIMITY_PRESS_VERT(246)) because flag 1534 is set
 -- Appearing object 00 (OBJ_PROXIMITY_PRESS_VERT(246)) because flag 1534 is set
 -- Appearing object 00 (OBJ_BUTE_SWORD(310)) because flag 1534 is set
 -- Appearing object 00 (OBJ_BUTE_SWORD(310)) because flag 1534 is set
 -- Appearing object 00 (OBJ_BUTE_SWORD(310)) because flag 1534 is set
 -- Appearing object 00 (OBJ_BUTE_SWORD(310)) because flag 1534 is set
 -- Appearing object 00 (OBJ_BUTE_SWORD(310)) because flag 1534 is set
 -- Appearing object 00 (OBJ_BUTE_SWORD(310)) because flag 1534 is set
 -- Appearing object 00 (OBJ_BUTE_SWORD(310)) because flag 1534 is set
 -- Appearing object 00 (OBJ_BUTE_SWORD(310)) because flag 1534 is set
 -- Appearing object 245 (OBJ_HVTRIGGER(46)) because flag 1534 is set
 -- Appearing object 243 (OBJ_HVTRIGGER(46)) because flag 1534 is set
 -- Appearing object 241 (OBJ_HVTRIGGER(46)) because flag 1534 is set
 -- Appearing object 00 (OBJ_QUAKE(292)) because flag 1341 is set
 -- Appearing object 300 (OBJ_HVTRIGGER(46)) because flag 1550 is set
 -- Appearing object 201 (OBJ_HVTRIGGER(46)) because flag 1550 is set
 -- Appearing object 00 (OBJ_BUTE_ARCHER(311)) because flag 1534 is set
 -- Appearing object 00 (OBJ_BUTE_ARCHER(311)) because flag 1534 is set
 -- Appearing object 00 (OBJ_BUTE_FLYING(309)) because flag 1534 is set
 -- Appearing object 00 (OBJ_BUTE_FLYING(309)) because flag 1534 is set
 -- Appearing object 00 (OBJ_BUTE_FLYING(309)) because flag 1534 is set
 -- Appearing object 00 (OBJ_BUTE_FLYING(309)) because flag 1534 is set
 -- Appearing object 00 (OBJ_BUTE_FLYING(309)) because flag 1534 is set
 -- Appearing object 00 (OBJ_BUTE_FLYING(309)) because flag 1534 is set
 -- Appearing object 257 (OBJ_HVTRIGGER(46)) because flag 1534 is set
 -- Appearing object 253 (OBJ_HVTRIGGER(46)) because flag 1534 is set
 -- Appearing object 255 (OBJ_HVTRIGGER(46)) because flag 1534 is set
 -- Appearing object 251 (OBJ_HVTRIGGER(46)) because flag 1534 is set
 -- Appearing object 290 (OBJ_HVTRIGGER(46)) because flag 1534 is set
 -- Appearing object 291 (OBJ_HVTRIGGER(46)) because flag 1534 is set
 -- Appearing object 200 (OBJ_CURLY_CARRIED(259)) because flag 1532 is set
StageBossManager::SetType(8)
-- Starting on-entry script 95
ForceSamplePos: WARNING: !!! truncated channel 5 from 2058 to 1984 samples !!!
ForceSamplePos: WARNING: !!! truncated channel 5 from 9994 to 9920 samples !!!
ForceSamplePos: WARNING: !!! truncated channel 5 from 17930 to 17856 samples !!!
ForceSamplePos: WARNING: !!! truncated channel 5 from 25866 to 25792 samples !!!
ForceSamplePos: WARNING: !!! truncated channel 5 from 41738 to 41664 samples !!!
ForceSamplePos: WARNING: !!! truncated channel 5 from 21898 to 21824 samples !!!
ForceSamplePos: WARNING: !!! truncated channel 5 from 29834 to 29760 samples !!!
ForceSamplePos: WARNING: !!! truncated channel 5 from 37770 to 37696 samples !!!
ForceSamplePos: WARNING: !!! truncated channel 5 from 8010 to 7936 samples !!!
ForceSamplePos: WARNING: !!! truncated channel 5 from 15946 to 15872 samples !!!
ForceSamplePos: WARNING: !!! truncated channel 5 from 31818 to 31744 samples !!!
ForceSamplePos: WARNING: !!! truncated channel 5 from 11978 to 11904 samples !!!
ForceSamplePos: WARNING: !!! truncated channel 5 from 19914 to 19840 samples !!!
ForceSamplePos: WARNING: !!! truncated channel 5 from 27850 to 27776 samples !!!
ForceSamplePos: WARNING: !!! truncated channel 5 from 35786 to 35712 samples !!!
ForceSamplePos: WARNING: !!! truncated channel 5 from 2058 to 1984 samples !!!
ForceSamplePos: WARNING: !!! truncated channel 5 from 9994 to 9920 samples !!!
ForceSamplePos: WARNING: !!! truncated channel 5 from 17930 to 17856 samples !!!
ForceSamplePos: WARNING: !!! truncated channel 5 from 25866 to 25792 samples !!!
ForceSamplePos: WARNING: !!! truncated channel 5 from 37770 to 37696 samples !!!
ForceSamplePos: WARNING: !!! truncated channel 5 from 8010 to 7936 samples !!!
ForceSamplePos: WARNING: !!! truncated channel 5 from 15946 to 15872 samples !!!
ForceSamplePos: WARNING: !!! truncated channel 5 from 23882 to 23808 samples !!!
ForceSamplePos: WARNING: !!! truncated channel 5 from 31818 to 31744 samples !!!
ForceSamplePos: WARNING: !!! truncated channel 5 from 2058 to 1984 samples !!!
ForceSamplePos: WARNING: !!! truncated channel 5 from 27850 to 27776 samples !!!
ForceSamplePos: WARNING: !!! truncated channel 5 from 35786 to 35712 samples !!!
ForceSamplePos: WARNING: !!! truncated channel 5 from 43722 to 43648 samples !!!
ForceSamplePos: WARNING: !!! truncated channel 5 from 6026 to 5952 samples !!!
ForceSamplePos: WARNING: !!! truncated channel 5 from 13962 to 13888 samples !!!
ForceSamplePos: WARNING: !!! truncated channel 5 from 21898 to 21824 samples !!!
ForceSamplePos: WARNING: !!! truncated channel 5 from 37770 to 37696 samples !!!
ForceSamplePos: WARNING: !!! truncated channel 5 from 23882 to 23808 samples !!!
ForceSamplePos: WARNING: !!! truncated channel 5 from 31818 to 31744 samples !!!
ForceSamplePos: WARNING: !!! truncated channel 5 from 39754 to 39680 samples !!!
ForceSamplePos: WARNING: !!! truncated channel 5 from 2058 to 1984 samples !!!
ForceSamplePos: WARNING: !!! truncated channel 5 from 9994 to 9920 samples !!!
ForceSamplePos: WARNING: !!! truncated channel 5 from 17930 to 17856 samples !!!
ForceSamplePos: WARNING: !!! truncated channel 5 from 33802 to 33728 samples !!!
ForceSamplePos: WARNING: !!! truncated channel 5 from 13962 to 13888 samples !!!
ForceSamplePos: WARNING: !!! truncated channel 5 from 21898 to 21824 samples !!!
ForceSamplePos: WARNING: !!! truncated channel 5 from 29834 to 29760 samples !!!
ForceSamplePos: WARNING: !!! truncated channel 5 from 37770 to 37696 samples !!!
ForceSamplePos: WARNING: !!! truncated channel 5 from 8010 to 7936 samples !!!
ForceSamplePos: WARNING: !!! truncated channel 5 from 23882 to 23808 samples !!!
ForceSamplePos: WARNING: !!! truncated channel 5 from 4042 to 3968 samples !!!
ForceSamplePos: WARNING: !!! truncated channel 5 from 11978 to 11904 samples !!!
ForceSamplePos: WARNING: !!! truncated channel 5 from 19914 to 19840 samples !!!
ForceSamplePos: WARNING: !!! truncated channel 5 from 27850 to 27776 samples !!!
ForceSamplePos: WARNING: !!! truncated channel 5 from 39754 to 39680 samples !!!
ForceSamplePos: WARNING: !!! truncated channel 5 from 2058 to 1984 samples !!!
ForceSamplePos: WARNING: !!! truncated channel 5 from 9994 to 9920 samples !!!
ForceSamplePos: WARNING: !!! truncated channel 5 from 17930 to 17856 samples !!!
ForceSamplePos: WARNING: !!! truncated channel 5 from 29834 to 29760 samples !!!
ForceSamplePos: WARNING: !!! truncated channel 5 from 37770 to 37696 samples !!!
ForceSamplePos: WARNING: !!! truncated channel 5 from 8010 to 7936 samples !!!
ForceSamplePos: WARNING: !!! truncated channel 5 from 15946 to 15872 samples !!!
ForceSamplePos: WARNING: !!! truncated channel 5 from 23882 to 23808 samples !!!
ForceSamplePos: WARNING: !!! truncated channel 5 from 39754 to 39680 samples !!!
ForceSamplePos: WARNING: !!! truncated channel 5 from 19914 to 19840 samples !!!
ForceSamplePos: WARNING: !!! truncated channel 5 from 27850 to 27776 samples !!!
ForceSamplePos: WARNING: !!! truncated channel 5 from 35786 to 35712 samples !!!
ForceSamplePos: WARNING: !!! truncated channel 5 from 43722 to 43648 samples !!!
ForceSamplePos: WARNING: !!! truncated channel 5 from 6026 to 5952 samples !!!
ForceSamplePos: WARNING: !!! truncated channel 5 from 13962 to 13888 samples !!!
ForceSamplePos: WARNING: !!! truncated channel 5 from 29834 to 29760 samples !!!
ForceSamplePos: WARNING: !!! truncated channel 5 from 15946 to 15872 samples !!!
ForceSamplePos: WARNING: !!! truncated channel 5 from 23882 to 23808 samples !!!
ForceSamplePos: WARNING: !!! truncated channel 5 from 31818 to 31744 samples !!!
ForceSamplePos: WARNING: !!! truncated channel 5 from 39754 to 39680 samples !!!
ForceSamplePos: WARNING: !!! truncated channel 5 from 2058 to 1984 samples !!!
ForceSamplePos: WARNING: !!! truncated channel 5 from 9994 to 9920 samples !!!
ForceSamplePos: WARNING: !!! truncated channel 5 from 25866 to 25792 samples !!!
ForceSamplePos: WARNING: !!! truncated channel 5 from 6026 to 5952 samples !!!
ForceSamplePos: WARNING: !!! truncated channel 5 from 13962 to 13888 samples !!!
ForceSamplePos: WARNING: !!! truncated channel 5 from 21898 to 21824 samples !!!
ForceSamplePos: WARNING: !!! truncated channel 5 from 29834 to 29760 samples !!!
ForceSamplePos: WARNING: !!! truncated channel 5 from 37770 to 37696 samples !!!
ForceSamplePos: WARNING: !!! truncated channel 5 from 15946 to 15872 samples !!!
ForceSamplePos: WARNING: !!! truncated channel 5 from 41738 to 41664 samples !!!
ForceSamplePos: WARNING: !!! truncated channel 5 from 4042 to 3968 samples !!!
ForceSamplePos: WARNING: !!! truncated channel 5 from 11978 to 11904 samples !!!
ForceSamplePos: WARNING: !!! truncated channel 5 from 19914 to 19840 samples !!!
ForceSamplePos: WARNING: !!! truncated channel 5 from 31818 to 31744 samples !!!
ForceSamplePos: WARNING: !!! truncated channel 5 from 39754 to 39680 samples !!!
ForceSamplePos: WARNING: !!! truncated channel 5 from 2058 to 1984 samples !!!
ForceSamplePos: WARNING: !!! truncated channel 5 from 9994 to 9920 samples !!!
ForceSamplePos: WARNING: !!! truncated channel 5 from 21898 to 21824 samples !!!
ForceSamplePos: WARNING: !!! truncated channel 5 from 29834 to 29760 samples !!!
ForceSamplePos: WARNING: !!! truncated channel 5 from 37770 to 37696 samples !!!
ForceSamplePos: WARNING: !!! truncated channel 5 from 8010 to 7936 samples !!!
ForceSamplePos: WARNING: !!! truncated channel 5 from 15946 to 15872 samples !!!
ForceSamplePos: WARNING: !!! truncated channel 5 from 31818 to 31744 samples !!!
ForceSamplePos: WARNING: !!! truncated channel 5 from 11978 to 11904 samples !!!
ForceSamplePos: WARNING: !!! truncated channel 5 from 19914 to 19840 samples !!!
ForceSamplePos: WARNING: !!! truncated channel 5 from 27850 to 27776 samples !!!
ForceSamplePos: WARNING: !!! truncated channel 5 from 35786 to 35712 samples !!!
ForceSamplePos: WARNING: !!! truncated channel 5 from 43722 to 43648 samples !!!
ForceSamplePos: WARNING: !!! truncated channel 5 from 6026 to 5952 samples !!!
ForceSamplePos: WARNING: !!! truncated channel 5 from 21898 to 21824 samples !!!
ForceSamplePos: WARNING: !!! truncated channel 5 from 8010 to 7936 samples !!!
ForceSamplePos: WARNING: !!! truncated channel 5 from 15946 to 15872 samples !!!
ForceSamplePos: WARNING: !!! truncated channel 5 from 23882 to 23808 samples !!!
ForceSamplePos: WARNING: !!! truncated channel 5 from 31818 to 31744 samples !!!
ForceSamplePos: WARNING: !!! truncated channel 5 from 39754 to 39680 samples !!!
ForceSamplePos: WARNING: !!! truncated channel 5 from 2058 to 1984 samples !!!
ForceSamplePos: WARNING: !!! truncated channel 5 from 17930 to 17856 samples !!!
ForceSamplePos: WARNING: !!! truncated channel 5 from 43722 to 43648 samples !!!
ForceSamplePos: WARNING: !!! truncated channel 5 from 6026 to 5952 samples !!!
ForceSamplePos: WARNING: !!! truncated channel 5 from 13962 to 13888 samples !!!
ForceSamplePos: WARNING: !!! truncated channel 5 from 21898 to 21824 samples !!!
ForceSamplePos: WARNING: !!! truncated channel 5 from 29834 to 29760 samples !!!
ForceSamplePos: WARNING: !!! truncated channel 5 from 37770 to 37696 samples !!!
ForceSamplePos: WARNING: !!! truncated channel 5 from 8010 to 7936 samples !!!
ForceSamplePos: WARNING: !!! truncated channel 5 from 33802 to 33728 samples !!!
ForceSamplePos: WARNING: !!! truncated channel 5 from 41738 to 41664 samples !!!
ForceSamplePos: WARNING: !!! truncated channel 5 from 4042 to 3968 samples !!!
ForceSamplePos: WARNING: !!! truncated channel 5 from 11978 to 11904 samples !!!
ForceSamplePos: WARNING: !!! truncated channel 5 from 23882 to 23808 samples !!!
ForceSamplePos: WARNING: !!! truncated channel 5 from 31818 to 31744 samples !!!
ForceSamplePos: WARNING: !!! truncated channel 5 from 39754 to 39680 samples !!!
ForceSamplePos: WARNING: !!! truncated channel 5 from 2058 to 1984 samples !!!
ForceSamplePos: WARNING: !!! truncated channel 5 from 13962 to 13888 samples !!!
ForceSamplePos: WARNING: !!! truncated channel 5 from 21898 to 21824 samples !!!
ForceSamplePos: WARNING: !!! truncated channel 5 from 29834 to 29760 samples !!!
ForceSamplePos: WARNING: !!! truncated channel 5 from 37770 to 37696 samples !!!
ForceSamplePos: WARNING: !!! truncated channel 5 from 8010 to 7936 samples !!!
ForceSamplePos: WARNING: !!! truncated channel 5 from 23882 to 23808 samples !!!
ForceSamplePos: WARNING: !!! truncated channel 5 from 4042 to 3968 samples !!!
ForceSamplePos: WARNING: !!! truncated channel 5 from 11978 to 11904 samples !!!
ForceSamplePos: WARNING: !!! truncated channel 5 from 19914 to 19840 samples !!!
ForceSamplePos: WARNING: !!! truncated channel 5 from 27850 to 27776 samples !!!
ForceSamplePos: WARNING: !!! truncated channel 5 from 35786 to 35712 samples !!!
ForceSamplePos: WARNING: !!! truncated channel 5 from 43722 to 43648 samples !!!
ForceSamplePos: WARNING: !!! truncated channel 5 from 13962 to 13888 samples !!!
ForceSamplePos: WARNING: !!! truncated channel 5 from 8010 to 7936 samples !!!
ForceSamplePos: WARNING: !!! truncated channel 5 from 15946 to 15872 samples !!!
ForceSamplePos: WARNING: !!! truncated channel 5 from 23882 to 23808 samples !!!
ForceSamplePos: WARNING: !!! truncated channel 5 from 31818 to 31744 samples !!!
ForceSamplePos: WARNING: !!! truncated channel 5 from 39754 to 39680 samples !!!
ForceSamplePos: WARNING: !!! truncated channel 5 from 9994 to 9920 samples !!!
Game minimized or lost focus--pausing...
ForceSamplePos: WARNING: !!! truncated channel 5 from 35786 to 35712 samples !!!
ForceSamplePos: WARNING: !!! truncated channel 5 from 43722 to 43648 samples !!!
Focus regained, resuming play...
ForceSamplePos: WARNING: !!! truncated channel 5 from 6026 to 5952 samples !!!
ForceSamplePos: WARNING: !!! truncated channel 5 from 13962 to 13888 samples !!!
ForceSamplePos: WARNING: !!! truncated channel 5 from 21898 to 21824 samples !!!
ForceSamplePos: WARNING: !!! truncated channel 5 from 29834 to 29760 samples !!!
ForceSamplePos: WARNING: !!! truncated channel 5 from 25866 to 25792 samples !!!
ForceSamplePos: WARNING: !!! truncated channel 5 from 33802 to 33728 samples !!!
ForceSamplePos: WARNING: !!! truncated channel 5 from 41738 to 41664 samples !!!
ForceSamplePos: WARNING: !!! truncated channel 5 from 4042 to 3968 samples !!!
FindObjectByID2: ID2 0301 found: type [Type 0]; coords: (160, 160)
 >> music(7)
data/org/fireeye.org: Org-02 detected
 >> music(0)
******* Executing <TRA to stage 85
 >> Entering stage 85: 'Passage?'.
load_map: level size 21x32
load_map: 'data/Stage/Hell42.pxm' loaded OK! - 21x32
load_pxa: reading in data/Stage/Hell.pxa
load_entities: reading in data/Stage/Hell42.pxe
 -- Appearing object 00 (OBJ_QUAKE(292)) because flag 1341 is set
 -- Appearing object 00 (OBJ_CURLY_CARRIED_SHOOTING(320)) because flag 1533 is set
StageBossManager::SetType(8)
-- Starting on-entry script 95
FindObjectByID2: ID2 0200 found: type [Type 0]; coords: (160, 432)
******* Executing <TRA to stage 88
 >> Entering stage 88: 'Corridor'.
load_map: level size 40x24
load_map: 'data/Stage/Ostep.pxm' loaded OK! - 40x24
load_pxa: reading in data/Stage/White.pxa
load_entities: reading in data/Stage/Ostep.pxe
 -- Appearing object 00 (OBJ_QUAKE(292)) because flag 1341 is set
 -- Appearing object 00 (OBJ_CURLY_CARRIED_SHOOTING(320)) because flag 1533 is set
StageBossManager::SetType(0)
-- Starting on-entry script 92
******* Executing <TRA to stage 85
 >> Entering stage 85: 'Passage?'.
load_map: level size 21x32
load_map: 'data/Stage/Hell42.pxm' loaded OK! - 21x32
load_pxa: reading in data/Stage/Hell.pxa
load_entities: reading in data/Stage/Hell42.pxe
 -- Appearing object 00 (OBJ_QUAKE(292)) because flag 1341 is set
 -- Appearing object 00 (OBJ_CURLY_CARRIED_SHOOTING(320)) because flag 1533 is set
StageBossManager::SetType(8)
-- Starting on-entry script 96
FindObjectByID2: ID2 0200 found: type [Type 0]; coords: (160, 432)
******* Executing <TRA to stage 86
 >> Entering stage 86: 'Statue Chamber'.
load_map: level size 21x16
load_map: 'data/Stage/Statue.pxm' loaded OK! - 21x16
load_pxa: reading in data/Stage/Hell.pxa
load_entities: reading in data/Stage/Statue.pxe
 -- Appearing object 00 (OBJ_QUAKE(292)) because flag 1341 is set
 -- Appearing object 213 (OBJ_STATUE_BASE(349)) because flag 1341 is set
 -- Disappearing object 300 (OBJ_NUMAHACHI(337)) because flag 1341 is set
 -- Appearing object 00 (OBJ_CURLY_CARRIED_SHOOTING(320)) because flag 1533 is set
StageBossManager::SetType(0)
-- Starting on-entry script 92
 error << SetCSDir: warning: invalid direction 0040 passed as dirparam only >>
 error << SetCSDir: warning: invalid direction 0030 passed as dirparam only >>
 error << SetCSDir: warning: invalid direction 0020 passed as dirparam only >>
 error << SetCSDir: warning: invalid direction 0010 passed as dirparam only >>
 error << SetCSDir: warning: invalid direction 0040 passed as dirparam only >>
 error << SetCSDir: warning: invalid direction 0030 passed as dirparam only >>
 error << SetCSDir: warning: invalid direction 0020 passed as dirparam only >>
 error << SetCSDir: warning: invalid direction 0010 passed as dirparam only >>
******* Executing <TRA to stage 85
 >> Entering stage 85: 'Passage?'.
load_map: level size 21x32
load_map: 'data/Stage/Hell42.pxm' loaded OK! - 21x32
load_pxa: reading in data/Stage/Hell.pxa
load_entities: reading in data/Stage/Hell42.pxe
 -- Appearing object 00 (OBJ_QUAKE(292)) because flag 1341 is set
 -- Appearing object 00 (OBJ_CURLY_CARRIED_SHOOTING(320)) because flag 1533 is set
StageBossManager::SetType(8)
-- Starting on-entry script 96
FindObjectByID2: ID2 0200 found: type [Type 0]; coords: (160, 432)
******* Executing <TRA to stage 88
 >> Entering stage 88: 'Corridor'.
load_map: level size 40x24
load_map: 'data/Stage/Ostep.pxm' loaded OK! - 40x24
load_pxa: reading in data/Stage/White.pxa
load_entities: reading in data/Stage/Ostep.pxe
 -- Appearing object 00 (OBJ_QUAKE(292)) because flag 1341 is set
 -- Appearing object 00 (OBJ_CURLY_CARRIED_SHOOTING(320)) because flag 1533 is set
StageBossManager::SetType(0)
-- Starting on-entry script 92
******* Executing <TRA to stage 87
 >> Entering stage 87: 'Seal Chamber'.
load_map: level size 40x28
load_map: 'data/Stage/Ballo1.pxm' loaded OK! - 40x28
load_pxa: reading in data/Stage/Hell.pxa
load_entities: reading in data/Stage/Ballo1.pxe
 -- Appearing object 00 (OBJ_QUAKE(292)) because flag 1341 is set
 -- Appearing object 00 (OBJ_CURLY_CARRIED_SHOOTING(320)) because flag 1533 is set
StageBossManager::SetType(9)
BallosBoss::OnMapEntry()
-- Starting on-entry script 95
 >> music(39)
data/org/ballos.org: Org-02 detected
 >> music(4)
data/org/gravity.org: Org-02 detected
 error << SetCSDir: warning: invalid direction 0900 passed as dirparam only >>
FindObjectByID2: ID2 0402 found: type OBJ_SCROLL_CONTROLLER(302); coords: (64, 64)
FindObjectByID2: ID2 0900 found: type OBJ_BALLOS_PRIEST(340); coords: (448, 298)
FindObjectByID2: ID2 0900 found: type OBJ_BALLOS_PRIEST(340); coords: (448, 298)
 error << sctrl: successfully linked to object 41190040 >>
ForceSamplePos: WARNING: !!! truncated channel 6 from 15185 to 15168 samples !!!
FindObjectByID2: ID2 0900 found: type OBJ_BALLOS_PRIEST(340); coords: (454, 298)
 >> music(0)
FindObjectByID2: ID2 0402 found: type OBJ_SCROLL_CONTROLLER(302); coords: (345, 151)
 >> music(7)
data/org/fireeye.org: Org-02 detected
 >> music(0)
 >> music(32)
data/org/lastbt3.org: Org-02 detected
niku_save: wrote value 0x00000000
******* Executing <TRA to stage 91
 >> Entering stage 91: ''.
load_map: level size 21x16
load_map: 'data/Stage/Island.pxm' loaded OK! - 21x16
load_pxa: reading in data/Stage/0.pxa
load_entities: reading in data/Stage/Island.pxe
StageBossManager::SetType(0)
-- Starting on-entry script 110
 >> music(0)
Setting tick function to type 4 param 1
Setting tick function to type 1 param 0
******* Executing <TRA to stage 92
 >> Entering stage 92: 'Seal Chamber'.
load_map: level size 21x76
load_map: 'data/Stage/Ballo2.pxm' loaded OK! - 21x76
load_pxa: reading in data/Stage/Hell.pxa
load_entities: reading in data/Stage/Ballo2.pxe
StageBossManager::SetType(9)
BallosBoss::OnMapEntry()
-- Starting on-entry script 500
 >> music(34)
data/org/zonbie.org: Org-02 detected
FindObjectByID2: ID2 0402 found: type OBJ_BALROG_DROP_IN(9); coords: (148, 824)
org_fade
org_fade
 >> music(0)
******* Executing <TRA to stage 71
 >> Entering stage 71: 'Fall'.
load_map: level size 40x30
load_map: 'data/Stage/Fall.pxm' loaded OK! - 40x30
load_pxa: reading in data/Stage/Fall.pxa
load_entities: reading in data/Stage/Fall.pxe
StageBossManager::SetType(0)
-- Starting on-entry script 120
FindObjectByID2: ID2 0240 found: type [Type 0]; coords: (304, 288)
******* Executing <TRA to stage 0
 >> Entering stage 0: 'Null'.
load_map: level size 21x20
load_map: 'data/Stage/0.pxm' loaded OK! - 21x20
load_pxa: reading in data/Stage/0.pxa
load_entities: reading in data/Stage/0.pxe
StageBossManager::SetType(0)
-- Starting on-entry script 100
Setting tick function to type 5 param 0
BigImage: loaded endpic/credit01.bmp ok
BigImage: loaded endpic/credit02.bmp ok
BigImage: loaded endpic/credit03.bmp ok
BigImage: loaded endpic/credit04.bmp ok
BigImage: loaded endpic/credit05.bmp ok
BigImage: loaded endpic/credit06.bmp ok
BigImage: loaded endpic/credit07.bmp ok
BigImage: loaded endpic/credit08.bmp ok
BigImage: loaded endpic/credit09.bmp ok
BigImage: loaded endpic/credit10.bmp ok
BigImage: loaded endpic/credit11.bmp ok
BigImage: loaded endpic/credit12.bmp ok
BigImage: loaded endpic/credit14.bmp ok
BigImage: loaded endpic/credit15.bmp ok
BigImage: loaded endpic/credit16.bmp ok
BigImage: loaded endpic/credit17.bmp ok
BigImage: loaded endpic/credit18.bmp ok
CC '+': []:0192:0000
CC '!': []:0033:0000
 >> music(33)
data/org/ending.org: Org-02 detected
CC '[': [  = CAST =  ]:0000:0000
CC '-': []:0320:0000
CC '[': [- Surface Dwellers -]:0000:0000
CC '-': []:0064:0000
CC '[': [Plucky, looks up]:0000:0000
CC '-': []:0016:0000
CC '[': [ to her brother]:0000:0000
CC '-': []:0016:0000
CC '[': [  Sue Sakamoto]:0001:0000
CC '-': []:0064:0000
CC '[': [Her occasionally]:0000:0000
CC '-': []:0016:0000
CC '[': [ reliable brother]:0000:0000
CC '-': []:0016:0000
CC '[': [  Kazuma Sakamoto]:0002:0000
CC '-': []:0064:0000
CC '[': [Sue's mother]:0000:0000
CC '-': []:0032:0000
CC '[': [  Momorin Sakamoto]:0003:0000
CC '-': []:0064:0000
CC '[': [Sue's grandfather]:0000:0000
CC '-': []:0016:0000
CC '[': [ figure]:0000:0000
CC '-': []:0016:0000
CC '[': [  Booster]:0004:0000
CC '-': []:0064:0000
CC '[': [The Mimiga-shaped]:0000:0000
CC '-': []:0016:0000
CC '[': [ coward]:0000:0000
CC '-': []:0016:0000
CC '[': [  Itoh]:0005:0000
CC '-': []:0064:0000
CC '-': []:0063:0000
CC '[': [- Mimiga Village -]:0000:0000
CC '-': []:0064:0000
CC '[': [Sweet and brave]:0000:0000
CC '-': []:0032:0000
CC '[': [  Toroko]:0013:0000
CC '-': []:0064:0000
CC '[': [The village leader]:0000:0000
CC '-': []:0032:0000
CC '[': [  King]:0014:0000
CC '-': []:0064:0000
CC '[': [The Number-Two]:0000:0000
CC '-': []:0032:0000
CC '[': [  Jack]:0015:0000
CC '-': []:0064:0000
CC '[': [Never stops eating]:0000:0000
CC '-': []:0032:0000
CC '[': [  Mahin]:0016:0000
CC '-': []:0064:0000
CC '[': [Loves to fish]:0000:0000
CC '-': []:0032:0000
CC '[': [  Kanpachi]:0020:0000
CC '-': []:0064:0000
CC '[': [Mans the farm]:0000:0000
CC '-': []:0032:0000
CC '[': [  Sandaime]:0019:0000
CC '-': []:0064:0000
CC '-': []:0063:0000
CC '[': [- Grasstown -]:0000:0000
CC '-': []:0064:0000
CC '[': [Lives alone]:0000:0000
CC '-': []:0032:0000
CC '[': [  Santa]:0017:0000
CC '-': []:0064:0000
CC '[': [The colored Mimiga]:0000:0000
CC '-': []:0032:0000
CC '[': [  Chaco]:0018:0000
CC '-': []:0064:0000
CC '[': [Power Room watcher]:0000:0000
CC '-': []:0032:0000
CC '[': [  Malco]:0025:0000
CC '-': []:0064:0000
CC '-': []:0063:0000
CC '[': [- Sand Zone -]:0000:0000
CC '-': []:0064:0000
CC '[': [Ally of the Mimigas]:0000:0000
CC '-': []:0032:0000
CC '[': [  Curly]:0007:0000
CC '-': []:0064:0000
CC '[': [Raised by Curly]:0000:0000
CC '-': []:0032:0000
CC '[': [  The Colons]:0008:0000
CC '-': []:0064:0000
CC '[': [Original keeper of]:0000:0000
CC '-': []:0016:0000
CC '[': [ the Sand Zone]:0000:0000
CC '-': []:0016:0000
CC '[': [  Jenka]:0009:0000
CC '-': []:0064:0000
CC '-': []:0031:0000
CC '[': [Jenka's puppies]:0000:0000
CC '-': []:0032:0000
CC '[': [  Hajime]:0010:0000
CC '-': []:0032:0000
CC '[': [  Shinobu]:0010:0000
CC '-': []:0032:0000
CC '[': [  Kakeru]:0010:0000
CC '-': []:0032:0000
CC '[': [  Mick]:0010:0000
CC '-': []:0032:0000
CC '[': [  Nene]:0010:0000
CC '-': []:0064:0000
CC '-': []:0063:0000
CC '[': [- Labyrinth -]:0000:0000
CC '-': []:0064:0000
CC '[': [The labyrinth's]:0000:0000
CC '-': []:0016:0000
CC '[': [ weapons dealer]:0000:0000
CC '-': []:0016:0000
CC '[': [  Chaba]:0027:0000
CC '-': []:0064:0000
CC '[': [The labyrinth's]:0000:0000
CC '-': []:0016:0000
CC '[': [ resident physician]:0000:0000
CC '-': []:0016:0000
CC '[': [  Dr. Gero]:0028:0000
CC '-': []:0064:0000
CC '[': [I am a nurse!]:0000:0000
CC '-': []:0032:0000
CC '[': [  Nurse Hasumi]:0029:0000
CC '-': []:0064:0000
CC '-': []:0063:0000
CC '[': [- Plantation -]:0000:0000
CC '-': []:0064:0000
CC '[': [The girl Mimiga]:0000:0000
CC '-': []:0032:0000
CC '[': [  Chie]:0023:0000
CC '-': []:0064:0000
CC '[': [The grandpa Mimiga]:0000:0000
CC '-': []:0032:0000
CC '[': [  Zett]:0024:0000
CC '-': []:0064:0000
CC '[': [Sprinkler manager]:0000:0000
CC '-': []:0032:0000
CC '[': [  Megane]:0022:0000
CC '-': []:0064:0000
CC '[': [Believers in the]:0000:0000
CC '-': []:0016:0000
CC '[': [ Doctor]:0000:0000
CC '-': []:0016:0000
CC '[': [  The Shovel Brigade]:0021:0000
CC '-': []:0064:0000
CC '-': []:0063:0000
CC 'f': []:2000:0090
- Jump to label 0090
CC '[': [- Villains -]:0000:0000
CC '-': []:0064:0000
CC '[': [Entranced by the Crown]:0000:0000
CC '-': []:0032:0000
CC '[': [  The Doctor]:0006:0000
CC '-': []:0064:0000
CC '[': [Cursed by the Crown]:0000:0000
CC '-': []:0032:0000
CC '[': [  Misery]:0011:0000
CC '-': []:0064:0000
CC '[': [Ultimately a friend]:0000:0000
CC '-': []:0032:0000
CC '[': [  Balrog]:0012:0000
CC '-': []:0064:0000
CC '-': []:0063:0000
CC '[': [- Others -]:0000:0000
CC '-': []:0064:0000
CC '[': [The Hermit Gunsmith]:0000:0000
CC '-': []:0032:0000
CC '[': [  Tetsuzou Kamadani]:0035:0000
CC '-': []:0064:0000
CC '[': [The memory-restoring]:0000:0000
CC '-': []:0016:0000
CC '[': [ mushroom]:0000:0000
CC '-': []:0016:0000
CC '[': [  Ma Pignon]:0045:0000
CC '-': []:0064:0000
CC '[': [The family living in]:0000:0000
CC '-': []:0016:0000
CC '[': [ the outer wall]:0000:0000
CC '-': []:0016:0000
CC '[': [  The Littles]:0031:0000
CC '-': []:0064:0000
CC '[': [The mysterious]:0000:0000
CC '-': []:0016:0000
CC '[': [ native inhabitants]:0000:0000
CC '-': []:0016:0000
CC '[': [  Cthulhu]:0032:0000
CC '-': []:0064:0000
CC '[': [The statue carver]:0000:0000
CC '-': []:0032:0000
CC '[': [  Numahachi]:0088:0000
CC '-': []:0064:0000
CC '-': []:0063:0000
CC '[': [- Bloody Holy Land -]:0000:0000
CC '-': []:0064:0000
CC '[': [Jenka's sorrowful]:0000:0000
CC '-': []:0016:0000
CC '[': [ younger brother]:0000:0000
CC '-': []:0016:0000
CC '[': [  Ballos]:0103:0000
CC '-': []:0064:0000
CC 'l': []:0100:0000
CC '-': []:0100:0000
CC '~': []:0000:0000
org_fade
CC '-': []:0250:0000
CC '!': []:0001:0000
 >> music(1)
data/org/wanpaku.org: Org-02 detected
CC '+': []:0063:0000
CC '[': [ = Monsters = ]:0000:0000
CC '-': []:0032:0000
CC '-': []:0063:0000
CC '[': [ Leaps and hops: Critter]:0039:0000
CC '-': []:0048:0000
CC '[': [ Every cave needs a: Bat]:0040:0000
CC '-': []:0048:0000
CC '[': [ Possessed by something: The Door]:0041:0000
CC '-': []:0048:0000
CC '[': [ Charges when angered: Behemoth]:0048:0000
CC '-': []:0048:0000
CC '[': [ White mushroom: Pignon]:0042:0000
CC '-': []:0048:0000
CC '[': [ Worth eating: Giant Pignon]:0043:0000
CC '-': []:0048:0000
CC '[': [ There's only one: Chinfish]:0038:0000
CC '-': []:0048:0000
CC '[': [ Slices you up: Gravekeeper]:0044:0000
CC '-': []:0048:0000
CC '[': [ Floor-hugging flash: Basil]:0049:0000
CC '-': []:0048:0000
CC '[': [ A model insect: Beetle]:0046:0000
CC '-': []:0048:0000
******* Executing <TRA to stage 74
 >> Entering stage 74: ''.
load_map: level size 21x16
load_map: 'data/Stage/e_Maze.pxm' loaded OK! - 21x16
load_pxa: reading in data/Stage/Maze.pxa
Added tile 6f to animation list, tc=81
load_entities: reading in data/Stage/e_Maze.pxe
StageBossManager::SetType(3)
XBoss::OnMapEntry()
-- Starting on-entry script 100
CC '[': [ The big flyer: Basu]:0047:0000
CC '-': []:0048:0000
CC '[': [ The crusher: Power Critter]:0050:0000
CC '-': []:0048:0000
CC '[': [ White mold ghost: Mannan]:0051:0000
CC '-': []:0048:0000
CC '[': [ Tiny frog: Puchi]:0054:0000
CC '-': []:0048:0000
CC '[': [ Big croaker: Frog]:0055:0000
CC '-': []:0048:0000
CC '[': [ Floats about: Jelly]:0052:0000
CC '-': []:0048:0000
CC '[': [ Queen Jelly: Kulala]:0053:0000
CC '-': []:0048:0000
CC '[': [ Violent Mimiga: Rabil]:0057:0000
CC '-': []:0048:0000
******* Executing <TRA to stage 0
 >> Entering stage 0: 'Null'.
load_map: level size 21x20
load_map: 'data/Stage/0.pxm' loaded OK! - 21x20
load_pxa: reading in data/Stage/0.pxa
load_entities: reading in data/Stage/0.pxe
StageBossManager::SetType(0)
-- Starting on-entry script 1010
CC '[': [ Instant deathtrap: Press]:0056:0000
CC '-': []:0048:0000
CC '[': [ Sudden chomper: Sandcroc]:0061:0000
CC '-': []:0048:0000
CC '[': [ Wandering skull: Skullhead]:0063:0000
CC '-': []:0048:0000
CC '[': [ Sand runner: Skullstep]:0065:0000
CC '-': []:0048:0000
CC '[': [ White foe: Skeleton]:0062:0000
CC '-': []:0048:0000
CC '[': [ Sand Zone hunter: Crow]:0064:0000
CC '-': []:0048:0000
CC '[': [ Tough missile: Armadillo]:0060:0000
CC '-': []:0048:0000
CC '[': [ From one, many: Polish]:0059:0000
CC '-': []:0048:0000
CC '[': [ Scattering everywhere: Baby]:0058:0000
CC '-': []:0048:0000
******* Executing <TRA to stage 75
 >> Entering stage 75: ''.
load_map: level size 21x16
load_map: 'data/Stage/e_Jenk.pxm' loaded OK! - 21x16
load_pxa: reading in data/Stage/Barr.pxa
load_entities: reading in data/Stage/e_Jenk.pxe
StageBossManager::SetType(0)
-- Starting on-entry script 100
CC '[': [ From Frenzied Toroko: Flowercub]:0066:0000
CC '-': []:0048:0000
CC '[': [ Labyrinth dweller: Gaudi]:0067:0000
CC '-': []:0048:0000
CC '[': [ Labyrinth warrior: Armor]:0068:0000
CC '-': []:0048:0000
CC '[': [ Labyrinth baby: Gaudi Egg]:0069:0000
CC '-': []:0048:0000
CC '[': [ Fiery fan: Fire Whirrr]:0071:0000
CC '-': []:0048:0000
CC '[': [ Unknown organism: Buyobuyo Base]:0073:0000
CC '-': []:0048:0000
CC '[': [ And: Buyobuyo]:0072:0000
CC '-': []:0048:0000
******* Executing <TRA to stage 0
 >> Entering stage 0: 'Null'.
load_map: level size 21x20
load_map: 'data/Stage/0.pxm' loaded OK! - 21x20
load_pxa: reading in data/Stage/0.pxa
load_entities: reading in data/Stage/0.pxe
StageBossManager::SetType(0)
-- Starting on-entry script 1020
CC '[': [ Gaudi spirit: Fuzz]:0074:0000
CC '-': []:0048:0000
CC '[': [ Spirit clump: Fuzz Core]:0075:0000
CC '-': []:0048:0000
CC '[': [ An old friend: Porcupine Fish]:0076:0000
CC '-': []:0048:0000
CC '[': [ Hatching failure: Dragon Zombie]:0079:0000
CC '-': []:0048:0000
CC '[': [ Timed explosive: Counter Bomb]:0078:0000
CC '-': []:0048:0000
CC '[': [ Outer wall flutterer: Night Spirit]:0081:0000
CC '-': []:0048:0000
CC '[': [ Jumps: Hoppy]:0082:0000
CC '-': []:0048:0000
CC '[': [ Photosynthetic warrior: Midorin]:0085:0000
CC '-': []:0048:0000
CC '[': [ Born of earth: Droll]:0084:0000
CC '-': []:0048:0000
CC '[': [ Stepping stone: Gunfish]:0086:0000
CC '-': []:0048:0000
******* Executing <TRA to stage 76
 >> Entering stage 76: ''.
load_map: level size 21x16
load_map: 'data/Stage/e_Malc.pxm' loaded OK! - 21x16
load_pxa: reading in data/Stage/Barr.pxa
load_entities: reading in data/Stage/e_Malc.pxe
StageBossManager::SetType(0)
-- Starting on-entry script 100
CC '[': [ Mother bat: Orangebell]:0083:0000
CC '-': []:0048:0000
CC '[': [ Plantation dragonfly: Stumpy]:0087:0000
CC '-': []:0048:0000
CC 'f': []:2000:0190
- Jump to label 0190
CC '-': []:0002:0000
CC '[': [ Hell's messenger: Bute]:0098:0000
CC '-': []:0048:0000
CC '[': [ Hell's messenger: Mesa]:0099:0000
CC '-': []:0048:0000
CC '[': [ Innocent demon: Green Devil]:0100:0000
CC '-': []:0048:0000
CC '[': [ Rolls along the walls: Rolling]:0094:0000
CC '-': []:0048:0000
CC '[': [ Blocks passage: Deleet]:0095:0000
CC '-': []:0048:0000
CC 'l': []:0200:0000
CC '-': []:0100:0000
******* Executing <TRA to stage 0
 >> Entering stage 0: 'Null'.
load_map: level size 21x20
load_map: 'data/Stage/0.pxm' loaded OK! - 21x20
load_pxa: reading in data/Stage/0.pxa
load_entities: reading in data/Stage/0.pxe
StageBossManager::SetType(0)
-- Starting on-entry script 1030
CC '+': []:0064:0000
CC '[': [ = Bosses = ]:0000:0000
CC '-': []:0032:0000
CC '-': []:0063:0000
CC '[': [Frenzied Mimiga that]:0000:0000
CC '-': []:0016:0000
CC '[': [ kidnapped Sue]:0000:0000
CC '-': []:0016:0000
CC '[': [  Igor]:0091:0000
CC '-': []:0064:0000
CC '[': [Misery transformed]:0000:0000
CC '-': []:0016:0000
CC '[': [ Balrog into]:0000:0000
CC '-': []:0016:0000
CC '[': [  Balfrog]:0104:0000
CC '-': []:0064:0000
CC '[': [Machine-monster that]:0000:0000
CC '-': []:0016:0000
CC '[': [ lurks in the sand]:0000:0000
CC '-': []:0016:0000
CC '[': [  Omega]:0105:0000
CC '-': []:0064:0000
CC '[': [Dosed with red flowers]:0000:0000
CC '-': []:0032:0000
******* Executing <TRA to stage 77
 >> Entering stage 77: ''.
load_map: level size 21x16
load_map: 'data/Stage/e_Ceme.pxm' loaded OK! - 21x16
load_pxa: reading in data/Stage/Mimi.pxa
load_entities: reading in data/Stage/e_Ceme.pxe
StageBossManager::SetType(0)
-- Starting on-entry script 100
CC '[': [  Toroko +]:0108:0000
CC '-': []:0064:0000
CC '[': [Ghost that invaded the]:0000:0000
CC '-': []:0016:0000
CC '[': [ clinic]:0000:0000
CC '-': []:0016:0000
CC '[': [  Pooh Black]:0030:0000
CC '-': []:0064:0000
CC '[': [Big boss in the labyrinth]:0000:0000
CC '-': []:0032:0000
CC '[': [  Monster X]:0070:0000
CC '-': []:0064:0000
CC '[': [Heart of the island]:0000:0000
CC '-': []:0032:0000
CC '[': [  Core]:0106:0000
CC '-': []:0064:0000
******* Executing <TRA to stage 0
 >> Entering stage 0: 'Null'.
load_map: level size 21x20
load_map: 'data/Stage/0.pxm' loaded OK! - 21x20
load_pxa: reading in data/Stage/0.pxa
load_entities: reading in data/Stage/0.pxe
StageBossManager::SetType(0)
-- Starting on-entry script 1040
CC '[': [Big fish in the island's]:0000:0000
CC '-': []:0016:0000
CC '[': [ artery]:0000:0000
CC '-': []:0016:0000
CC '[': [  Ironhead]:0077:0000
CC '-': []:0064:0000
CC '[': [Twin dragon surprise]:0000:0000
CC '-': []:0016:0000
CC '[': [ attackers]:0000:0000
CC '-': []:0016:0000
CC '[': [  Sisters]:0080:0000
CC '-': []:0064:0000
CC '[': [True heroes meet the]:0000:0000
CC '-': []:0032:0000
CC '[': [  Red Demon]:0089:0000
CC '-': []:0064:0000
CC '[': [The red crystal runs]:0000:0000
CC '-': []:0016:0000
CC '[': [ wild]:0000:0000
CC '-': []:0016:0000
CC '[': [  Muscle Doctor]:0109:0000
CC '-': []:0064:0000
CC '[': [The mad Doctor and the]:0000:0000
CC '-': []:0016:0000
CC '[': [ island's heart]:0000:0000
CC '-': []:0016:0000
CC '[': [  Undead Core]:0107:0000
******* Executing <TRA to stage 78
 >> Entering stage 78: ''.
load_map: level size 30x16
load_map: 'data/Stage/e_Sky.pxm' loaded OK! - 30x16
load_pxa: reading in data/Stage/Fall.pxa
load_entities: reading in data/Stage/e_Sky.pxe
StageBossManager::SetType(0)
-- Starting on-entry script 100
CC '-': []:0064:0000
CC 'f': []:2000:0290
- Jump to label 0290
CC '-': []:0002:0000
CC '[': [The swollen mech]:0000:0000
CC '-': []:0032:0000
CC '[': [  Heavy Press]:0111:0000
CC '-': []:0064:0000
CC '[': [Hate and madness given]:0000:0000
CC '-': []:0016:0000
CC '[': [ flesh]:0000:0000
CC '-': []:0016:0000
CC '[': [  Ballos]:0110:0000
CC '-': []:0128:0000
CC 'l': []:0300:0000
CC '-': []:0080:0000
CC '+': []:0040:0000
CC '[': [ = BGM = ]:0000:0000
CC '-': []:0032:0000
******* Executing <TRA to stage 0
 >> Entering stage 0: 'Null'.
load_map: level size 21x20
load_map: 'data/Stage/0.pxm' loaded OK! - 21x20
load_pxa: reading in data/Stage/0.pxa
load_entities: reading in data/Stage/0.pxe
StageBossManager::SetType(0)
-- Starting on-entry script 1050
CC '-': []:0031:0000
CC '[': [Access]:0036:0000
CC '-': []:0032:0000
CC '[': [Gestation]:0036:0000
CC '-': []:0032:0000
CC '[': [Mimiga Village]:0036:0000
CC '-': []:0032:0000
CC '[': [Plant]:0036:0000
CC '-': []:0032:0000
CC '[': [Balrog's Theme]:0036:0000
CC '-': []:0032:0000
CC '-': []:0031:0000
CC '[': [Gravity]:0036:0000
CC '-': []:0032:0000
CC '[': [Cemetery]:0036:0000
CC '-': []:0032:0000
CC '[': [Safety]:0036:0000
CC '-': []:0032:0000
CC '[': [Mischievous Robot]:0036:0000
CC '-': []:0032:0000
CC '[': [Pulse]:0036:0000
CC '-': []:0032:0000
CC '-': []:0031:0000
CC '[': [On to Grasstown]:0036:0000
CC '-': []:0032:0000
******* Executing <TRA to stage 89
 >> Entering stage 89: ''.
load_map: level size 21x16
load_map: 'data/Stage/e_Labo.pxm' loaded OK! - 21x16
load_pxa: reading in data/Stage/Labo.pxa
load_entities: reading in data/Stage/e_Labo.pxe
StageBossManager::SetType(0)
-- Starting on-entry script 100
CC '[': [Eyes of Flame]:0036:0000
CC '-': []:0032:0000
CC '[': [Meltdown 2]:0036:0000
CC '-': []:0032:0000
CC '[': [Tyrant]:0036:0000
CC '-': []:0032:0000
CC '[': [Run!]:0036:0000
CC '-': []:0032:0000
CC '-': []:0031:0000
CC '[': [Jenka 1]:0036:0000
CC '-': []:0032:0000
CC '[': [Jenka 2]:0036:0000
CC '-': []:0032:0000
CC '[': [Labyrinth Fight]:0036:0000
CC '-': []:0032:0000
CC '[': [Geothermal]:0036:0000
CC '-': []:0032:0000
CC '[': [Oppression]:0036:0000
CC '-': []:0032:0000
CC '-': []:0031:0000
CC '[': [Living Waterway]:0036:0000
CC '-': []:0032:0000
CC '[': [Quiet]:0036:0000
CC '-': []:0032:0000
CC '[': [Scorching Back]:0036:0000
CC '-': []:0032:0000
******* Executing <TRA to stage 0
 >> Entering stage 0: 'Null'.
load_map: level size 21x20
load_map: 'data/Stage/0.pxm' loaded OK! - 21x20
load_pxa: reading in data/Stage/0.pxa
load_entities: reading in data/Stage/0.pxe
StageBossManager::SetType(0)
-- Starting on-entry script 1060
CC '[': [Moonsong]:0036:0000
CC '-': []:0032:0000
CC '[': [Hero's End]:0036:0000
CC '-': []:0032:0000
CC '-': []:0031:0000
CC '[': [Cave Story]:0036:0000
CC '-': []:0032:0000
CC '[': [Last Cave]:0036:0000
CC '-': []:0032:0000
CC '[': [Balcony]:0036:0000
CC '-': []:0032:0000
CC '[': [Charge]:0036:0000
CC '-': []:0032:0000
CC '[': [Zombie]:0036:0000
CC '-': []:0032:0000
CC '-': []:0031:0000
CC '[': [Last Battle]:0036:0000
CC '-': []:0032:0000
CC '[': [Break Down]:0036:0000
CC '-': []:0032:0000
CC '[': [Running Hell]:0036:0000
CC '-': []:0032:0000
CC '[': [Seal Chamber]:0036:0000
CC '-': []:0032:0000
CC '[': [The Way Back Home]:0036:0000
CC '-': []:0032:0000
******* Executing <TRA to stage 93
 >> Entering stage 93: ''.
load_map: level size 21x16
load_map: 'data/Stage/e_Blcn.pxm' loaded OK! - 21x16
load_pxa: reading in data/Stage/White.pxa
load_entities: reading in data/Stage/e_Blcn.pxe
StageBossManager::SetType(0)
-- Starting on-entry script 100
CC '-': []:0100:0000
CC '+': []:0040:0000
CC '[': [= Special Thanks =]:0000:0000
CC '-': []:0032:0000
CC '+': []:0048:0000
CC '-': []:0032:0000
CC '[': [Torai      ]:0037:0000
CC '-': []:0040:0000
CC '[': [Naoku    ]:0122:0000
CC '-': []:0040:0000
CC '[': [Kuroihito]:0119:0000
CC '-': []:0040:0000
CC '[': [BA2       ]:0033:0000
CC '-': []:0040:0000
CC '[': [Okami      ]:0120:0000
CC '-': []:0040:0000
******* Executing <TRA to stage 0
 >> Entering stage 0: 'Null'.
load_map: level size 21x20
load_map: 'data/Stage/0.pxm' loaded OK! - 21x20
load_pxa: reading in data/Stage/0.pxa
load_entities: reading in data/Stage/0.pxe
StageBossManager::SetType(0)
-- Starting on-entry script 1090
CC '[': [Nao       ]:0117:0000
CC '-': []:0040:0000
CC '[': [Shih Tzu  ]:0123:0000
CC '-': []:0040:0000
CC '[': [Gideon Zhi]:0124:0000
CC '-': []:0040:0000
CC '[': [And many others]:0000:0000
CC '-': []:0040:0000
CC '-': []:0063:0000
CC '[': [Thank you very much.]:0129:0000
CC '-': []:0032:0000
CC '-': []:0240:0000
 error << SetCSDir: warning: invalid direction 1000 passed as dirparam only >>
CC '+': []:0120:0000
CC '[': [Cave Story ~ The End]:0000:0000
CC '-': []:0280:0000
 error << SetCSDir: warning: invalid direction 1100 passed as dirparam only >>
 error << SetCSDir: warning: invalid direction 0900 passed as dirparam only >>
 error << SetCSDir: warning: invalid direction 1200 passed as dirparam only >>
 error << SetCSDir: warning: invalid direction 0800 passed as dirparam only >>
 error << SetCSDir: warning: invalid direction 1300 passed as dirparam only >>
 error << SetCSDir: warning: invalid direction 0700 passed as dirparam only >>
org_fade
CC '/': []:0000:0000
 >> music(0)
Setting pause: type 8 param 0
Setting tick function to type 1 param 0
 error << BigImage: freeing image 1 >>
 error << BigImage: freeing image 2 >>
 error << BigImage: freeing image 3 >>
 error << BigImage: freeing image 4 >>
 error << BigImage: freeing image 5 >>
 error << BigImage: freeing image 6 >>
 error << BigImage: freeing image 7 >>
 error << BigImage: freeing image 8 >>
 error << BigImage: freeing image 9 >>
 error << BigImage: freeing image 10 >>
 error << BigImage: freeing image 11 >>
 error << BigImage: freeing image 12 >>
 error << BigImage: freeing image 14 >>
 error << BigImage: freeing image 15 >>
 error << BigImage: freeing image 16 >>
 error << BigImage: freeing image 17 >>
 error << BigImage: freeing image 18 >>
Graphics::Close()
